id,title_en,taxonomy_type,parent_id
1,Front End Development Resources,section,
2,Introduction to Front End,category,1
3,Useful Front End Tools,category,1
4,Browsers and plugins,subcategory,3
5,Text editors and IDEs,subcategory,3
6,Version control and GIT,subcategory,3
7,File transfer and FTP,subcategory,3
8,Website testing,subcategory,3
9,Hosting & deployment for websites,subcategory,3
10,Other Front End Tools and Resources,subcategory,3
11,HTML (Hyper Text Markup Language),category,1
12,Basic elements,subcategory,11
13,Architecture and information structures,subcategory,11
14,Content Sections,subcategory,11
15,Forms,subcategory,11
16,Meta information,subcategory,11
17,Semantics,subcategory,11
18,Multimedia and non-standard elements,subcategory,11
19,Embeds and Web Components,subcategory,11
20,Conventions and best practices,subcategory,11
21,Accessibility,subcategory,11
22,Technical SEO,subcategory,11
23,Progressive enhancement,subcategory,11
24,Performance,subcategory,11
25,Emmet and other speed utilities,subcategory,11
26,CSS (Cascading Style Sheets),category,1
27,Introduction to CSS,subcategory,26
28,Components and details,subcategory,26
29,Printing,subcategory,26
30,Layout and Box Model,subcategory,26
31,Interactivity,subcategory,26
32,Animations and special effects,subcategory,26
33,Design principles and systems,subcategory,26
34,CSS preprocessors: SCSS vs SASS vs LESS,subcategory,26
35,Tailwind and other CSS frameworks,subcategory,26
36,Layout & Mobile-first Responsive Web Design,category,1
37,Responsive Web Design,subcategory,36
38,Mobile First Design,subcategory,36
39,Layout,subcategory,36
41,"Implementation of design, templating and UX",category,1
42,UX (User Experience),subcategory,41
43,Figma,subcategory,41
44,Adobe XD,subcategory,41
45,Photoshop,subcategory,41
46,JavaScript,category,1
47,Introduction to JavaScript,subcategory,46
48,Basic syntax in JavaScript,subcategory,46
49,Advanced JavaScript techniques,subcategory,46
50,Algorithmics in JavaScript,subcategory,46
52,Conventions and best practices,subcategory,46
53,TypeScript,category,1
54,Introduction to TypeScript,subcategory,53
55,Types and Assertions,subcategory,53
56,Advanced concepts of TypeScript,subcategory,53
57,TypeScript modules,subcategory,53
58,TypeScript ecosystem,subcategory,53
59,Front End Tooling,category,1
60,"Bundling (NPM, Good)",subcategory,59
61,"Package Management (PNPM, Good)",subcategory,59
62,Task running,subcategory,59
63,Style formatting (Prettier),subcategory,59
64,Linting (ESLint),subcategory,59
65,Unit Testing (Vitest),subcategory,59
66,End to End Testing (Playwright),subcategory,59
67,Type checking (ESLint),subcategory,59
68,Frameworks and Front End Systems,category,1
69,React.js and Next.js,subcategory,68
70,Vue and Nuxt.js,subcategory,68
71,Angular,subcategory,68
72,Svelte and SvelteKit,subcategory,68
73,Qwik and QwikCity,subcategory,68
74,Solid and SolidStart,subcategory,68
75,Astro,subcategory,68
76,Right now,subcategory,68
77,Express,subcategory,68
78,HTMX,subcategory,68
79,Other frameworks,subcategory,68
80,Authentication and Security in the Front End,category,1
81,"Authentication (JWT, OAuth, SSO, Basic Auth, Session Auth)",subcategory,80
82,"Web Security (CORS, HTTPS, CSP, OWASP)",subcategory,80
83,Rendering strategies and content delivery,category,1
84,Static & SSG / MPA,subcategory,83
85,Server & SSR,subcategory,83
86,Client & SPA,subcategory,83
87,Hybrid (SSG + SSR + SPA),subcategory,83
88,"Multi-platform (PWA, Electron, React Native, Flutter)",subcategory,83
89,Front End Project Ideas,category,1
90,Front End news and updates,category,1
91,Article sites,subcategory,90
92,Newsletters,subcategory,90
93,Community,subcategory,90
94,Programming and Back End Development Resources,section,
95,Introduction to programming,category,94
96,Resources for children,subcategory,95
97,Good places to start,subcategory,95
98,Useful Back End Tools,category,94
99,Text editors and IDEs,subcategory,98
100,Version control and GIT,subcategory,98
101,File transfer and FTP,subcategory,98
102,Free public APIs,subcategory,98
103,Other Back End Tools and Resources,subcategory,98
104,Programming Theory and Computer Science,category,94
105,Data structures,subcategory,104
106,"Complexity, asymptotic notation and Big O",subcategory,104
107,Common algorithms,subcategory,104
108,Manipulation of strings,subcategory,104
109,Binary operators,subcategory,104
110,Real numbers and floating point,subcategory,104
111,Character encoding,subcategory,104
112,UML diagrams,subcategory,104
113,Design patterns,subcategory,104
115,Search trees,subcategory,104
116,Systems design,subcategory,104
117,Database,subcategory,104
118,Networking,subcategory,104
119,Security,subcategory,104
120,How computers work,subcategory,104
121,Processes and Threads,subcategory,104
122,Mathematics needed for programming,category,94
123,Linear algebra,subcategory,122
124,Differential calculus,subcategory,122
125,Graph theory,subcategory,122
636,Descriptive statistics,subcategory,122
637,Inferential statistics,subcategory,122
638,Probability theory,subcategory,122
640,Predictive modeling,subcategory,122
641,Regression and classification,subcategory,122
642,Time series,subcategory,122
129,Algorithms and data structures,category,94
130,assortment,subcategory,129
131,Searches,subcategory,129
132,Advanced data structures,subcategory,129
136,Software design and architecture,category,94
137,Design patterns,subcategory,136
138,Domain driven design,subcategory,136
139,Test driven development,subcategory,136
140,CQRS,subcategory,136
141,Event sourcing,subcategory,136
142,Architectural models,subcategory,136
143,Message brokers,subcategory,136
144,Containerization and virtualization,subcategory,136
145,Servers and clients,subcategory,136
146,Scalability,subcategory,136
147,Programming languages,category,94
148,Node.js,subcategory,147
149,PHP,subcategory,147
150,Python,subcategory,147
151,Java,subcategory,147
152,C/C++,subcategory,147
153,C# / ASP.NET,subcategory,147
154,Rust,subcategory,147
155,GoLang,subcategory,147
156,Haskell,subcategory,147
157,OCaml,subcategory,147
158,Prologue,subcategory,147
159,Forth,subcategory,147
160,Erlang,subcategory,147
161,R,subcategory,147
162,Rails,subcategory,147
163,Kotlin,subcategory,147
164,Bash,subcategory,147
165,PowerShell,subcategory,147
166,Other programming languages,subcategory,147
167,SQL (Relational Databases),category,94
168,"Introduction to SQL, DDL and DML",subcategory,167
169,MySQL,subcategory,167
170,PostgreSQL,subcategory,167
171,SQLite,subcategory,167
172,Microsoft SQL Server,subcategory,167
173,Oracle,subcategory,167
174,IBM Db2,subcategory,167
175,MariaDB,subcategory,167
176,Other SQL databases,subcategory,167
177,Advanced SQL optimizations and techniques,subcategory,167
178,NoSQL (Non-Relational Databases),category,94
179,Introduction to NoSQL,subcategory,178
180,MongoDB / CouchDB (Document DBs),subcategory,178
181,Redis / DynamoDB (Key-Value),subcategory,178
182,Firebase / Supabase / RethinkDB (Realtime),subcategory,178
183,ElasticSearch / Splunk (Search),subcategory,178
184,Apache Cassandra / HBase (Column DBs),subcategory,178
185,InfluxDB / TimeScale (Time series),subcategory,178
186,Other NoSQL databases,subcategory,178
187,Advanced NoSQL optimizations and techniques,subcategory,178
188,OOP (Object Oriented Programming),category,94
189,Basic OOP principles,subcategory,188
190,Design patterns in OOP,subcategory,188
191,Examples of OOP,subcategory,188
195,APIs,category,94
196,Login,subcategory,195
197,change,subcategory,195
198,JSON,subcategory,195
199,SOAP,subcategory,195
200,gRPC / tRPC,subcategory,195
201,GraphQL,subcategory,195
202,Free public APIs,subcategory,195
203,Frameworks and Back End Systems,category,94
204,WordPress,subcategory,203
205,Laravel,subcategory,203
206,.NET,subcategory,203
207,Ruby on Rails,subcategory,203
208,Express,subcategory,203
209,Other Back End frameworks,subcategory,203
573,Manual (MQA) and Automated (AQA) testing,category,94
574,Fundamentals of testing,subcategory,573
575,Functional testing techniques,subcategory,573
576,Non-functional testing techniques,subcategory,573
577,Other testing techniques,subcategory,573
578,Front end automation,subcategory,573
579,Back end automation,subcategory,573
580,Mobile automation,subcategory,573
581,Monitoring and Logs,subcategory,573
582,Headless test techniques,subcategory,573
583,Integration into CI/CD systems,subcategory,573
210,DevOps (Development Operations),category,94
211,Operating system terminal,subcategory,210
213,Related systems,subcategory,210
214,container,subcategory,210
215,Cloud providers,subcategory,210
616,Amazon Web Services (AWS),subcategory,210
617,Microsoft Azure,subcategory,210
618,Google Cloud Platform (GCP),subcategory,210
619,"Other Cloud platforms (IBM Cloud, Oracle Cloud)",subcategory,210
216,Networking and security protocols,subcategory,210
217,Serverless,subcategory,210
218,Infrastructural provision,subcategory,210
219,Configuration management,subcategory,210
220,Continuous Integration / Continuous Development,subcategory,210
221,Management of secrets,subcategory,210
222,Infrastructure management,subcategory,210
223,Monitoring software,subcategory,210
224,Log management,subcategory,210
225,Container orchestration,subcategory,210
226,Artifact management,subcategory,210
227,GitOps,subcategory,210
228,Other DevOps concepts and solutions,subcategory,210
229,Game Development,category,94
230,Assets for games,subcategory,229
231,Mathematics needed for games,subcategory,229
232,Physics systems used in games,subcategory,229
233,Game development in Unity,subcategory,229
234,Game development in Unreal Engine,subcategory,229
235,Game development in Godot,subcategory,229
236,Native game development,subcategory,229
237,Other game development engines,subcategory,229
238,3D modeling,subcategory,229
239,Digital graphics and rendering for games,subcategory,229
240,Artificial Intelligence in games,subcategory,229
241,Networking and scalability in multiplayer games,subcategory,229
242,Game data storage,subcategory,229
243,Multithreading for games,subcategory,229
244,Other Resources for Game Development,subcategory,229
360,Principles of Game Design,subcategory,229
361,Creating game levels,subcategory,229
362,Game testing,subcategory,229
245,Native Mobile Development,category,94
246,Components of mobile applications,subcategory,245
247,Interface and navigation in mobile applications,subcategory,245
248,Architecture and design patterns for mobile applications,subcategory,245
249,Data storage in mobile applications,subcategory,245
250,Mobile communication and synchronicity,subcategory,245
251,Native Application Services,subcategory,245
252,Other resources for native development,subcategory,245
253,Graphics and rendering engines,category,94
356,Rendering algorithms,subcategory,253
357,Popular graphics engines,subcategory,253
254,OpenGL,subcategory,253
255,Vulkan,subcategory,253
256,DirectX,subcategory,253
257,Metal,subcategory,253
262,Blockchain & Crypto Development,category,94
263,Blockchain Concepts,subcategory,262
264,EVM Blockchains,subcategory,262
265,L2 Blockchains,subcategory,262
266,Other Blockchains,subcategory,262
267,Oracles,subcategory,262
268,Smart Contracts,subcategory,262
269,Blockchain Security,subcategory,262
270,Decentralized applications,subcategory,262
271,Blockchain Scalability,subcategory,262
272,Operating systems,category,94
273,Linux / Unix,subcategory,272
274,Windows,subcategory,272
275,macOS / iOS,subcategory,272
276,Android,subcategory,272
284,Data Science & Data Mining,category,94
285,Python for Data Science,subcategory,284
286,R for Data Science,subcategory,284
287,Data analysis,subcategory,284
631,sheet,subcategory,284
632,Power BI,subcategory,284
633,Google Looker Studio (ex Google Data Studio),subcategory,284
634,D3.js,subcategory,284
291,Artificial Intelligence and Machine Learning,category,94
292,Math,subcategory,291
293,Statistics,subcategory,291
294,Econometrics,subcategory,291
295,Programming languages,subcategory,291
296,Exploratory Data Analysis (EDA),subcategory,291
297,Machine Learning,subcategory,291
298,Deep Learning,subcategory,291
299,MLOps,subcategory,291
277,Low level hardware and programming,category,94
278,Assembly,subcategory,277
279,Microcontrollers,subcategory,277
280,Embedded systems,subcategory,277
300,Back End Project Ideas,category,94
301,Programming news and updates,category,94
302,Article sites,subcategory,301
303,Newsletters,subcategory,301
304,Community,subcategory,301
305,"Design, Graphics, Videography and Creativity Resources",section,
306,Design principles and aesthetics,category,305
307,White space,subcategory,306
308,Contrast,subcategory,306
309,Sizes,subcategory,306
310,Alignment,subcategory,306
311,Visual hierarchy,subcategory,306
312,Measurement units,subcategory,306
313,Typography and typefaces,category,305
314,Essential principles of typographic design,subcategory,313
315,Text arrangement,subcategory,313
316,Choice of fonts,subcategory,313
317,Layout and grid systems,category,305
318,Basic grids,subcategory,317
319,Flexible layout,subcategory,317
320,Responsive grid systems,subcategory,317
321,Color theory,category,305
322,The color wheel,subcategory,321
323,Color combinations,subcategory,321
324,The psychology of colors,subcategory,321
325,Branding and identity design,category,305
326,Creating a logo,subcategory,325
327,Visual identity,subcategory,325
328,Brand guides,subcategory,325
329,Design of UI (User Interface) components,category,305
330,Buttons and navigation,subcategory,329
331,Editorial design: Articles and content,subcategory,329
332,Forms and interactivity,subcategory,329
333,Visual artifacts,subcategory,329
334,UX (User Experience) Design,category,305
335,Information architecture,subcategory,334
336,Wireframing and Prototyping,subcategory,334
337,Behavior and HCI (Human Computer Interaction),subcategory,334
338,Product & Business Model,subcategory,334
339,Best practices in UX,subcategory,334
340,Impact measurement and user testing,subcategory,334
341,Accessible design,category,305
342,Contrast,subcategory,341
343,Sizes,subcategory,341
344,"Interaction Design, animations and special effects",category,305
345,Animations,subcategory,344
346,Special effects,subcategory,344
347,"Illustration, infographics and graphic design",category,305
348,Illustration techniques,subcategory,347
349,Creating infographics,subcategory,347
350,Digital graphic design,subcategory,347
351,Graphics and 3D Modeling,category,305
352,3D modeling,subcategory,351
353,Texturing and lighting,subcategory,351
354,3D rendering,subcategory,351
363,Photography and photo editing,category,305
364,Photography techniques,subcategory,363
365,Advanced photo editing,subcategory,363
366,Digital photo manipulation,subcategory,363
367,Videography and video editing,category,305
368,Video shooting,subcategory,367
369,Video editing,subcategory,367
370,Special effects in video,subcategory,367
371,Design Systems and Design Thinking,category,305
372,Creation of Design Systems,subcategory,371
373,Principles of Design Thinking,subcategory,371
374,Implementation of Design Systems,subcategory,371
375,Design resources,category,305
376,Stock images and videos,subcategory,375
377,Font repositories,subcategory,375
378,ICON,subcategory,375
379,Vector graphics,subcategory,375
380,AI-powered creative tools,subcategory,375
381,Online Marketing Resources,section,
382,Introduction to Online Marketing,category,381
383,Conversion and the buyer's journey,subcategory,382
384,Funnel vs flywheel,subcategory,382
385,UVP (Unique Value Proposition) / USP (Unique Selling Proposition),subcategory,382
386,ROI (Return on Investment) / CRO (Conversion Rate Optimization),subcategory,382
387,Market research and competitor analysis,category,381
388,Business analysis,subcategory,387
389,"Behaviors, personas and target market",subcategory,387
390,Competition and analysis tools,subcategory,387
392,"Creating, auditing and optimizing your website",category,381
393,Website creation,subcategory,392
394,Auditing the site,subcategory,392
395,Performance optimization,subcategory,392
396,UX/UI optimization,subcategory,392
397,"Copywriting, Content Writing & Content Marketing",category,381
398,Principles of copywriting,subcategory,397
399,Content writing techniques,subcategory,397
400,Content strategy,subcategory,397
401,Distribution and promotion of content,subcategory,397
402,SEO (Search Engine Optimization),category,381
403,Introduction to SEO,subcategory,402
404,Search engines and how they work,subcategory,402
405,Keyword research,subcategory,402
406,On-page SEO,subcategory,402
407,Link building,subcategory,402
408,Technical SEO,subcategory,402
409,Content marketing,subcategory,402
410,SEO tools,subcategory,402
411,PPC (Pay Per Click Advertising),category,381
412,Introduction to PPC,subcategory,411
413,Google Ads,subcategory,411
414,Bing Ads,subcategory,411
415,Yandex Ads,subcategory,411
416,Facebook / Instagram Ads,subcategory,411
417,TikTok Ads,subcategory,411
418,LinkedIn Ads,subcategory,411
419,X / Twitter Ads,subcategory,411
420,Pinterest Ads,subcategory,411
421,Reddit Ads,subcategory,411
422,Retargeting,subcategory,411
423,Display Advertising and image campaigns,category,381
424,Principles of display advertising,subcategory,423
425,Banner creation techniques,subcategory,423
426,Image campaign strategies,subcategory,423
427,Social Media Marketing,category,381
428,Introduction to SMM,subcategory,427
429,YouTube,subcategory,427
430,TikTok,subcategory,427
431,Facebook,subcategory,427
432,Instagram,subcategory,427
433,X / Twitter,subcategory,427
434,LinkedIn,subcategory,427
435,Reddit,subcategory,427
436,Pinterest,subcategory,427
437,Quora,subcategory,427
438,Mastodon,subcategory,427
439,Influencer Marketing,category,381
440,Identifying influencers,subcategory,439
441,Collaboration with influencers,subcategory,439
442,Measuring impact,subcategory,439
443,Referral & Affiliate Marketing,category,381
444,Principles of referral marketing,subcategory,443
445,Affiliate marketing techniques,subcategory,443
446,Management tools,subcategory,443
447,Email & Permission Marketing,category,381
448,Creating email lists,subcategory,447
449,Audience segmentation,subcategory,447
450,Email marketing techniques,subcategory,447
451,Automation of campaigns,subcategory,447
452,Marketplace & Mobile App Marketing,category,381
453,Marketing on marketplaces,subcategory,452
454,Promotion of mobile applications,subcategory,452
455,App store optimization,subcategory,452
456,B2B Marketing,category,381
457,B2B marketing strategies,subcategory,456
458,Lead generation / DemandGen,subcategory,456
459,Nurturing campaigns,subcategory,456
460,"AI, automation and emerging technology in marketing",category,381
461,Using AI in Marketing,subcategory,460
462,Automation of marketing processes,subcategory,460
463,Emerging technologies,subcategory,460
464,Marketing tactics for eCommerce,category,381
465,eCommerce platforms,subcategory,464
466,eCommerce features,subcategory,464
467,Shopping marketplaces,subcategory,464
468,Price comparisons,subcategory,464
469,SaaS Marketing Tactics,category,381
608,Strategies and Tactics for Software as a Service,subcategory,469
470,Business reviews,subcategory,469
471,Developing customer relationships,subcategory,469
472,Brick & mortar marketing tactics,category,381
473,Google Maps & Google My Business,subcategory,472
474,TripAdvisor,subcategory,472
475,Business strategy,category,381
476,Business strategy and tactics,subcategory,475
477,How to set prices,subcategory,475
478,Product-Market-Pricing fit,subcategory,475
479,Internationalization,subcategory,475
480,Growth hacking,category,381
481,Acquisition and inbound traffic channels,subcategory,480
482,Traffic qualification,subcategory,480
483,A/B Testing and experimentation,subcategory,480
484,CRO and optimization of landing pages,subcategory,480
485,"Onboarding, retention, repeat business",subcategory,480
607,Product-led Growth,subcategory,480
486,KPIs and measurement,subcategory,480
487,Networking & Cyber ​​Security Resources,section,
488,"Introduction to IT, Networking and Security",category,487
489,History of IT,subcategory,488
490,The basics of networking,subcategory,488
491,Security principles,subcategory,488
492,Legality and Ethics in Security,subcategory,488
493,Networking,category,487
494,Network devices,subcategory,493
495,Network services and applications,subcategory,493
496,DHCP,subcategory,493
497,DNS,subcategory,493
498,Network Address Translation,subcategory,493
499,WAN,subcategory,493
500,Cabling,subcategory,493
501,Network topologies,subcategory,493
502,Infrastructure,subcategory,493
503,Protocols: IPv4 vs IPv6,subcategory,493
504,Routing,subcategory,493
505,Subnetting,subcategory,493
506,Virtualization,subcategory,493
507,Implementation,subcategory,493
508,Monitoring and forensics,subcategory,493
509,Configuration,subcategory,493
510,Login,subcategory,493
511,Troubleshooting,subcategory,493
512,Operating systems,category,487
513,Linux / Unix,subcategory,512
514,Windows,subcategory,512
515,macOS / iOS,subcategory,512
516,Android,subcategory,512
517,Cyber ​​security,category,487
518,Cryptography,subcategory,517
519,Vulnerabilities,subcategory,517
520,Incident response & discovery,subcategory,517
521,Threat classification,subcategory,517
522,Management of protocols,subcategory,517
523,Log management,subcategory,517
524,Network attacks,subcategory,517
525,Application attacks,subcategory,517
526,Attacks on people,subcategory,517
527,Hardening,subcategory,517
528,Security tools,subcategory,517
529,CERTIFICATION,subcategory,517
530,Security in the Cloud,category,487
531,Cloud Security Basics,subcategory,530
532,Security for Amazon Web Services,subcategory,530
533,Security for Google Cloud,subcategory,530
534,Security for Azure,subcategory,530
535,Security for private clouds,subcategory,530
536,Security for other cloud systems,subcategory,530
544,Management Resources,section,
545,"Workflow, SCRUM and Project Management",category,544
546,Agile methodologies,subcategory,545
547,Project management tools,subcategory,545
548,Resources management,subcategory,545
549,Management & Leadership,category,544
550,Developing leadership skills,subcategory,549
551,Team management,subcategory,549
552,Management of change,subcategory,549
553,Product Management,category,544
554,Product life cycle,subcategory,553
555,Planning and roadmap,subcategory,553
556,Prioritization techniques,subcategory,553
557,Entrepreneurship and startups,category,544
558,Introduction to entrepreneurship,subcategory,557
559,Product-market fit,subcategory,557
560,Tips for recruiters,category,544
561,Recruitment techniques,subcategory,560
562,Evaluation of candidates,subcategory,560
563,Onboarding,subcategory,560
564,Other digital resources,section,
565,How to get hired more easily,category,564
566,CV writing,subcategory,565
567,Preparing for the interview,subcategory,565
568,Professional networking,subcategory,565
569,Freelancing,category,564
570,How to find customers,subcategory,569
571,Project management,subcategory,569
572,Pricing,subcategory,569
584,Science and technology,category,564
585,Recent scientific discoveries,subcategory,584
586,Technological innovations,subcategory,584
587,Trends in technology,subcategory,584
588,English language,category,564
589,Learning English - Basics,subcategory,588
590,Communication practices,subcategory,588
591,Resources for practice,subcategory,588
592,General and life advice,category,564
593,Time management,subcategory,592
594,Productivity techniques,subcategory,592
595,Tips for mental health,subcategory,592
596,Verbal and non-verbal communication,subcategory,565
597,Presentations and public speaking,subcategory,565
598,Negotiation and influence,subcategory,565
599,Collaboration and cooperation,subcategory,569
600,Conflict management,subcategory,569
601,Teambuilding and team spirit,subcategory,569
602,Critical thinking techniques,subcategory,592
603,Problem solving methodologies,subcategory,592
604,Data-driven decisions,subcategory,592
606,Prioritization and planning,subcategory,592