taxonomy_id,title_en
1,Front End Development Resources
2,Introduction to Front End
3,Useful Front End Tools
4,Browsers and plugins
5,Text editors and IDEs
6,Version control and GIT
7,File transfer and FTP
8,Website testing
9,Hosting & deployment for websites
10,Other Front End Tools and Resources
11,HTML (Hyper Text Markup Language)
12,Basic elements
13,Architecture and information structures
14,Content Sections
15,Forms
16,Meta information
17,Semantics
18,Multimedia and non-standard elements
19,Embeds and Web Components
20,Conventions and best practices
21,Accessibility
22,Technical SEO
23,Progressive enhancement
24,Performance
25,Emmet and other speed utilities
26,CSS (Cascading Style Sheets)
27,Introduction to CSS
28,Components and details
29,Printing
30,Layout and Box Model
31,Interactivity
32,Animations and special effects
33,Design principles and systems
34,CSS preprocessors: SCSS vs SASS vs LESS
35,Tailwind and other CSS frameworks
36,Layout & Mobile-first Responsive Web Design
37,Responsive Web Design
38,Mobile First Design
39,Layout
41,"Implementation of design, templating and UX"
42,UX (User Experience)
43,Figma
44,Adobe XD
45,Photoshop
46,JavaScript
47,Introduction to JavaScript
48,Basic syntax in JavaScript
49,Advanced JavaScript techniques
50,Algorithmics in JavaScript
52,Conventions and best practices
53,TypeScript
54,Introduction to TypeScript
55,Types and Assertions
56,Advanced concepts of TypeScript
57,TypeScript modules
58,TypeScript ecosystem
59,Front End Tooling
60,"Bundling (NPM, Good)"
61,"Package Management (PNPM, Good)"
62,Task running
63,Style formatting (Prettier)
64,Linting (ESLint)
65,Unit Testing (Vitest)
66,End to End Testing (Playwright)
67,Type checking (ESLint)
68,Frameworks and Front End Systems
69,React.js and Next.js
70,Vue and Nuxt.js
71,Angular
72,Svelte and SvelteKit
73,Qwik and QwikCity
74,Solid and SolidStart
75,Astro
76,Right now
77,Express
78,HTMX
79,Other frameworks
80,Authentication and Security in the Front End
81,"Authentication (JWT, OAuth, SSO, Basic Auth, Session Auth)"
82,"Web Security (CORS, HTTPS, CSP, OWASP)"
83,Rendering strategies and content delivery
84,Static & SSG / MPA
85,Server & SSR
86,Client & SPA
87,Hybrid (SSG + SSR + SPA)
88,"Multi-platform (PWA, Electron, React Native, Flutter)"
89,Front End Project Ideas
90,Front End news and updates
91,Article sites
92,Newsletters
93,Community
94,Programming and Back End Development Resources
95,Introduction to programming
96,Resources for children
97,Good places to start
98,Useful Back End Tools
99,Text editors and IDEs
100,Version control and GIT
101,File transfer and FTP
102,Free public APIs
103,Other Back End Tools and Resources
104,Programming Theory and Computer Science
105,Data structures
106,"Complexity, asymptotic notation and Big O"
107,Common algorithms
108,Manipulation of strings
109,Binary operators
110,Real numbers and floating point
111,Character encoding
112,UML diagrams
113,Design patterns
115,Search trees
116,Systems design
117,Database
118,Networking
119,Security
120,How computers work
121,Processes and Threads
122,Mathematics needed for programming
123,Linear algebra
124,Differential calculus
125,Graph theory
636,Descriptive statistics
637,Inferential statistics
638,Probability theory
640,Predictive modeling
641,Regression and classification
642,Time series
129,Algorithms and data structures
130,assortment
131,Searches
132,Advanced data structures
136,Software design and architecture
137,Design patterns
138,Domain driven design
139,Test driven development
140,CQRS
141,Event sourcing
142,Architectural models
143,Message brokers
144,Containerization and virtualization
145,Servers and clients
146,Scalability
147,Programming languages
148,Node.js
149,PHP
150,Python
151,Java
152,C/C++
153,C# / ASP.NET
154,Rust
155,GoLang
156,Haskell
157,OCaml
158,Prologue
159,Forth
160,Erlang
161,R
162,Rails
163,Kotlin
164,Bash
165,PowerShell
166,Other programming languages
167,SQL (Relational Databases)
168,"Introduction to SQL, DDL and DML"
169,MySQL
170,PostgreSQL
171,SQLite
172,Microsoft SQL Server
173,Oracle
174,IBM Db2
175,MariaDB
176,Other SQL databases
177,Advanced SQL optimizations and techniques
178,NoSQL (Non-Relational Databases)
179,Introduction to NoSQL
180,MongoDB / CouchDB (Document DBs)
181,Redis / DynamoDB (Key-Value)
182,Firebase / Supabase / RethinkDB (Realtime)
183,ElasticSearch / Splunk (Search)
184,Apache Cassandra / HBase (Column DBs)
185,InfluxDB / TimeScale (Time series)
186,Other NoSQL databases
187,Advanced NoSQL optimizations and techniques
188,OOP (Object Oriented Programming)
189,Basic OOP principles
190,Design patterns in OOP
191,Examples of OOP
195,APIs
196,Login
197,change
198,JSON
199,SOAP
200,gRPC / tRPC
201,GraphQL
202,Free public APIs
203,Frameworks and Back End Systems
204,WordPress
205,Laravel
206,.NET
207,Ruby on Rails
208,Express
209,Other Back End frameworks
573,Manual (MQA) and Automated (AQA) testing
574,Fundamentals of testing
575,Functional testing techniques
576,Non-functional testing techniques
577,Other testing techniques
578,Front end automation
579,Back end automation
580,Mobile automation
581,Monitoring and Logs
582,Headless test techniques
583,Integration into CI/CD systems
210,DevOps (Development Operations)
211,Operating system terminal
213,Related systems
214,container
215,Cloud providers
616,Amazon Web Services (AWS)
617,Microsoft Azure
618,Google Cloud Platform (GCP)
619,"Other Cloud platforms (IBM Cloud, Oracle Cloud)"
216,Networking and security protocols
217,Serverless
218,Infrastructural provision
219,Configuration management
220,Continuous Integration / Continuous Development
221,Management of secrets
222,Infrastructure management
223,Monitoring software
224,Log management
225,Container orchestration
226,Artifact management
227,GitOps
228,Other DevOps concepts and solutions
229,Game Development
230,Assets for games
231,Mathematics needed for games
232,Physics systems used in games
233,Game development in Unity
234,Game development in Unreal Engine
235,Game development in Godot
236,Native game development
237,Other game development engines
238,3D modeling
239,Digital graphics and rendering for games
240,Artificial Intelligence in games
241,Networking and scalability in multiplayer games
242,Game data storage
243,Multithreading for games
244,Other Resources for Game Development
360,Principles of Game Design
361,Creating game levels
362,Game testing
245,Native Mobile Development
246,Components of mobile applications
247,Interface and navigation in mobile applications
248,Architecture and design patterns for mobile applications
249,Data storage in mobile applications
250,Mobile communication and synchronicity
251,Native Application Services
252,Other resources for native development
253,Graphics and rendering engines
356,Rendering algorithms
357,Popular graphics engines
254,OpenGL
255,Vulkan
256,DirectX
257,Metal
262,Blockchain & Crypto Development
263,Blockchain Concepts
264,EVM Blockchains
265,L2 Blockchains
266,Other Blockchains
267,Oracles
268,Smart Contracts
269,Blockchain Security
270,Decentralized applications
271,Blockchain Scalability
272,Operating systems
273,Linux / Unix
274,Windows
275,macOS / iOS
276,Android
284,Data Science & Data Mining
285,Python for Data Science
286,R for Data Science
287,Data analysis
631,sheet
632,Power BI
633,Google Looker Studio (ex Google Data Studio)
634,D3.js
291,Artificial Intelligence and Machine Learning
292,Math
293,Statistics
294,Econometrics
295,Programming languages
296,Exploratory Data Analysis (EDA)
297,Machine Learning
298,Deep Learning
299,MLOps
277,Low level hardware and programming
278,Assembly
279,Microcontrollers
280,Embedded systems
300,Back End Project Ideas
301,Programming news and updates
302,Article sites
303,Newsletters
304,Community
305,"Design, Graphics, Videography and Creativity Resources"
306,Design principles and aesthetics
307,White space
308,Contrast
309,Sizes
310,Alignment
311,Visual hierarchy
312,Measurement units
313,Typography and typefaces
314,Essential principles of typographic design
315,Text arrangement
316,Choice of fonts
317,Layout and grid systems
318,Basic grids
319,Flexible layout
320,Responsive grid systems
321,Color theory
322,The color wheel
323,Color combinations
324,The psychology of colors
325,Branding and identity design
326,Creating a logo
327,Visual identity
328,Brand guides
329,Design of UI (User Interface) components
330,Buttons and navigation
331,Editorial design: Articles and content
332,Forms and interactivity
333,Visual artifacts
334,UX (User Experience) Design
335,Information architecture
336,Wireframing and Prototyping
337,Behavior and HCI (Human Computer Interaction)
338,Product & Business Model
339,Best practices in UX
340,Impact measurement and user testing
341,Accessible design
342,Contrast
343,Sizes
344,"Interaction Design, animations and special effects"
345,Animations
346,Special effects
347,"Illustration, infographics and graphic design"
348,Illustration techniques
349,Creating infographics
350,Digital graphic design
351,Graphics and 3D Modeling
352,3D modeling
353,Texturing and lighting
354,3D rendering
363,Photography and photo editing
364,Photography techniques
365,Advanced photo editing
366,Digital photo manipulation
367,Videography and video editing
368,Video shooting
369,Video editing
370,Special effects in video
371,Design Systems and Design Thinking
372,Creation of Design Systems
373,Principles of Design Thinking
374,Implementation of Design Systems
375,Design resources
376,Stock images and videos
377,Font repositories
378,ICON
379,Vector graphics
380,AI-powered creative tools
381,Online Marketing Resources
382,Introduction to Online Marketing
383,Conversion and the buyer's journey
384,Funnel vs flywheel
385,UVP (Unique Value Proposition) / USP (Unique Selling Proposition)
386,ROI (Return on Investment) / CRO (Conversion Rate Optimization)
387,Market research and competitor analysis
388,Business analysis
389,"Behaviors, personas and target market"
390,Competition and analysis tools
392,"Creating, auditing and optimizing your website"
393,Website creation
394,Auditing the site
395,Performance optimization
396,UX/UI optimization
397,"Copywriting, Content Writing & Content Marketing"
398,Principles of copywriting
399,Content writing techniques
400,Content strategy
401,Distribution and promotion of content
402,SEO (Search Engine Optimization)
403,Introduction to SEO
404,Search engines and how they work
405,Keyword research
406,On-page SEO
407,Link building
408,Technical SEO
409,Content marketing
410,SEO tools
411,PPC (Pay Per Click Advertising)
412,Introduction to PPC
413,Google Ads
414,Bing Ads
415,Yandex Ads
416,Facebook / Instagram Ads
417,TikTok Ads
418,LinkedIn Ads
419,X / Twitter Ads
420,Pinterest Ads
421,Reddit Ads
422,Retargeting
423,Display Advertising and image campaigns
424,Principles of display advertising
425,Banner creation techniques
426,Image campaign strategies
427,Social Media Marketing
428,Introduction to SMM
429,YouTube
430,TikTok
431,Facebook
432,Instagram
433,X / Twitter
434,LinkedIn
435,Reddit
436,Pinterest
437,Quora
438,Mastodon
439,Influencer Marketing
440,Identifying influencers
441,Collaboration with influencers
442,Measuring impact
443,Referral & Affiliate Marketing
444,Principles of referral marketing
445,Affiliate marketing techniques
446,Management tools
447,Email & Permission Marketing
448,Creating email lists
449,Audience segmentation
450,Email marketing techniques
451,Automation of campaigns
452,Marketplace & Mobile App Marketing
453,Marketing on marketplaces
454,Promotion of mobile applications
455,App store optimization
456,B2B Marketing
457,B2B marketing strategies
458,Lead generation / DemandGen
459,Nurturing campaigns
460,"AI, automation and emerging technology in marketing"
461,Using AI in Marketing
462,Automation of marketing processes
463,Emerging technologies
464,Marketing tactics for eCommerce
465,eCommerce platforms
466,eCommerce features
467,Shopping marketplaces
468,Price comparisons
469,SaaS Marketing Tactics
608,Strategies and Tactics for Software as a Service
470,Business reviews
471,Developing customer relationships
472,Brick & mortar marketing tactics
473,Google Maps & Google My Business
474,TripAdvisor
475,Business strategy
476,Business strategy and tactics
477,How to set prices
478,Product-Market-Pricing fit
479,Internationalization
480,Growth hacking
481,Acquisition and inbound traffic channels
482,Traffic qualification
483,A/B Testing and experimentation
484,CRO and optimization of landing pages
485,"Onboarding, retention, repeat business"
607,Product-led Growth
486,KPIs and measurement
487,Networking & Cyber ​​Security Resources
488,"Introduction to IT, Networking and Security"
489,History of IT
490,The basics of networking
491,Security principles
492,Legality and Ethics in Security
493,Networking
494,Network devices
495,Network services and applications
496,DHCP
497,DNS
498,Network Address Translation
499,WAN
500,Cabling
501,Network topologies
502,Infrastructure
503,Protocols: IPv4 vs IPv6
504,Routing
505,Subnetting
506,Virtualization
507,Implementation
508,Monitoring and forensics
509,Configuration
510,Login
511,Troubleshooting
512,Operating systems
513,Linux / Unix
514,Windows
515,macOS / iOS
516,Android
517,Cyber ​​security
518,Cryptography
519,Vulnerabilities
520,Incident response & discovery
521,Threat classification
522,Management of protocols
523,Log management
524,Network attacks
525,Application attacks
526,Attacks on people
527,Hardening
528,Security tools
529,CERTIFICATION
530,Security in the Cloud
531,Cloud Security Basics
532,Security for Amazon Web Services
533,Security for Google Cloud
534,Security for Azure
535,Security for private clouds
536,Security for other cloud systems
544,Management Resources
545,"Workflow, SCRUM and Project Management"
546,Agile methodologies
547,Project management tools
548,Resources management
549,Management & Leadership
550,Developing leadership skills
551,Team management
552,Management of change
553,Product Management
554,Product life cycle
555,Planning and roadmap
556,Prioritization techniques
557,Entrepreneurship and startups
558,Introduction to entrepreneurship
559,Product-market fit
560,Tips for recruiters
561,Recruitment techniques
562,Evaluation of candidates
563,Onboarding
564,Other digital resources
565,How to get hired more easily
566,CV writing
567,Preparing for the interview
568,Professional networking
569,Freelancing
570,How to find customers
571,Project management
572,Pricing
584,Science and technology
585,Recent scientific discoveries
586,Technological innovations
587,Trends in technology
588,English language
589,Learning English - Basics
590,Communication practices
591,Resources for practice
592,General and life advice
593,Time management
594,Productivity techniques
595,Tips for mental health
596,Verbal and non-verbal communication
597,Presentations and public speaking
598,Negotiation and influence
599,Collaboration and cooperation
600,Conflict management
601,Teambuilding and team spirit
602,Critical thinking techniques
603,Problem solving methodologies
604,Data-driven decisions
606,Prioritization and planning
