id,title_en,description_en,taxonomy_type_id,parent_id
1,Front End Development Resources,"Tools and guides for developing front end skills: HTML, CSS, JavaScript, and modern frameworks.",1,
2,Introduction to Front End,"Learn the basics of front end development with HTML, CSS, and JavaScript tutorials.",2,1.0
3,Useful Front End Tools,"The best tools for streamlining front-end work: editors, plugins and version control.",2,1.0
4,Browsers and plugins,Guides to using essential browsers and plugins in front end development.,3,3.0
5,Text editors and IDEs,Recommendations for the best text editors and IDEs for front end developers.,3,3.0
6,Version control and GIT,Resources for managing source code using GIT and other versioning systems.,3,3.0
7,File transfer and FTP,Tutorials for transferring files and using the FTP protocol in web projects.,3,3.0
8,Website testing,Techniques and tools for testing the performance and functionality of websites.,3,3.0
9,Hosting & deployment for websites,Guidelines for hosting and deploying websites on servers.,3,3.0
10,Other Front End Tools and Resources,A collection of various tools and resources for front end developers.,3,3.0
11,HTML (Hyper Text Markup Language),Complete resources for learning and using HTML in web development.,2,1.0
12,Basic elements,Guides to the fundamentals of the HTML language.,3,11.0
13,Architecture and information structures,Tips for organizing and structuring information on web pages.,3,11.0
14,Content Sections,Techniques for creating and managing content sections in HTML.,3,11.0
15,formulation,Guidelines for creating interactive and accessible forms in HTML.,3,11.0
16,Meta information,Use of meta tags to optimize web pages.,3,11.0
17,Semantics,The importance of semantic elements in HTML and how to use them effectively.,3,11.0
18,Multimedia and non-standard elements,Integrating multimedia and custom elements into web pages.,3,11.0
19,Embeds and Web Components,Guidelines for including web components and embedded elements in HTML.,3,11.0
20,Conventions and best practices,Best practices and conventions for writing HTML code.,3,11.0
21,Accessibility,"Guidelines for creating accessible web pages for all users, including those with disabilities.",3,11.0
22,Technical SEO,Advanced SEO techniques to technically optimize web pages and improve search engine rankings.,3,11.0
23,Progressive enhancement,Strategies to ensure an improved user experience across all devices and browsers.,3,11.0
24,Performance,Optimizing web page performance for fast loading and great user experience.,3,11.0
25,Emmet and other speed utilities,Using Emmet and other tools to increase coding efficiency and speed.,3,11.0
26,CSS (Cascading Style Sheets),Resources for learning and using CSS to style web pages and create attractive designs.,2,1.0
27,Introduction to CSS,CSS Basics: Learning the fundamental syntax and concepts for styling web pages.,3,26.0
28,Components and details,Guidelines for using CSS components and details for advanced styling of web elements.,3,26.0
29,PRINTING,Styling text on web pages using CSS to create professional typographic designs.,3,26.0
30,Layout and Box Model,Techniques for creating responsive layouts and using the Box pattern to arrange elements.,3,26.0
31,Interactivity,Adding interactivity to web pages using CSS and pseudo-classes.,3,26.0
32,Animations and special effects,Creating animations and special effects in CSS to improve the user experience.,3,26.0
33,Design principles and systems,Implementing design principles and design systems for visual coherence.,3,26.0
34,CSS preprocessors: SCSS vs SASS vs LESS,"Comparison and use of CSS preprocessors: SCSS, SASS and LESS.",3,26.0
35,Tailwind and other CSS frameworks,Using Tailwind and other CSS frameworks to create fast and efficient designs.,3,26.0
36,Layout & Mobile-first Responsive Web Design,"Responsive design strategies, starting with mobile devices for an optimal experience.",2,1.0
37,Responsive Web Design,Guidelines for creating responsive web pages that adapt to different screen sizes.,3,36.0
38,Mobile First Design,Mobile-First Approach: Starting with mobile design and scaling to larger screens.,3,36.0
39,Layout,Creating flexible and adaptive layouts for web pages.,3,36.0
41,"Implementation of design, templating and UX","Guidelines for design implementation, templating, and user experience (UX) optimization.",2,1.0
42,UX (User Experience),Techniques and principles for improving user experience on websites and web applications.,3,41.0
43,Fig,Resources for using Figma in UI/UX design and team collaboration.,3,41.0
44,Adobe XD,Guidelines for using Adobe XD in prototyping and interactive designs.,3,41.0
45,Photoshop,Tutorials for using Adobe Photoshop in web design and graphic editing.,3,41.0
46,JavaScript,"Resources for learning JavaScript, from the basics of the language to advanced techniques.",2,1.0
47,Introduction to JavaScript,Beginner's Guide to JavaScript: Basic Syntax and Fundamental Concepts.,3,46.0
48,Basic syntax in JavaScript,Detailed explanations of JavaScript syntax for beginners.,3,46.0
49,Advanced JavaScript techniques,Resources for learning advanced JavaScript techniques and code optimization.,3,46.0
50,Algorithmics in JavaScript,Guidelines for implementing algorithms in JavaScript and solving problems.,3,46.0
52,Conventions and best practices,Best practices and conventions for writing quality JavaScript code.,3,46.0
53,TypeScript,Resources for learning TypeScript and integrating it into your web projects.,2,1.0
54,Introduction to TypeScript,Beginner's Guide to TypeScript: Fundamentals and Syntax.,3,53.0
55,Types and Assertions,Detailed explanations of types and assertions in TypeScript.,3,53.0
56,Advanced concepts of TypeScript,Resources for learning and applying advanced TypeScript concepts.,3,53.0
57,TypeScript modules,Guidelines for using modules in TypeScript and organizing your code.,3,53.0
58,TypeScript ecosystem,Resources for exploring the TypeScript ecosystem and integrating it into various projects.,3,53.0
59,Front End Tooling,"Essential tools for front end development, including bundling, linting and testing.",2,1.0
60,"Bundling (NPM, Good)",Guidelines for using NPM in bundling JavaScript files and managing packages.,3,59.0
61,"Package Management (PNPM, Good)",Guidelines for managing JavaScript packages using PNPM for efficiency and performance.,3,59.0
62,Task running,Tools and techniques for automating tasks in front end development.,3,59.0
63,Style formatting (Prettier),Using Prettier for consistent and automatic formatting of front end code.,3,59.0
64,Linting (ESLint),Guidelines for using ESLint in identifying and correcting errors in JavaScript code.,3,59.0
65,Unit Testing (Vitest),Resources for unit testing front end code using Vitest.,3,59.0
66,End to End Testing (Playwright),Techniques for end-to-end web application testing using Playwright.,3,59.0
67,Type checking (ESLint),Guidelines for checking data types in TypeScript.,3,59.0
68,Frameworks and Front End Systems,Resources for using the most popular frameworks and front end systems.,2,1.0
69,React.js and Next.js,Guidelines for developing web applications with React.js and Next.js.,3,68.0
70,Vue and Nuxt.js,Resources for learning and using Vue.js and Nuxt.js in front end development.,3,68.0
71,Angular,Tutorials and resources for developing web applications using Angular.,3,68.0
72,Svelte and SvelteKit,Guidelines for using Svelte and SvelteKit in creating efficient web applications.,3,68.0
73,Qwik and QwikCity,Resources for learning Qwik and QwikCity in developing high-performance applications.,3,68.0
74,Solid and SolidStart,Guidelines for using Solid and SolidStart in web application development.,3,68.0
75,Astro,"Resources for learning Astro for fast, modern website development.",3,68.0
76,Right now,Tutorials for using Preact to develop fast and efficient applications.,3,68.0
77,Express,Guidelines for using Express in developing backend applications with Node.js.,3,68.0
78,HTMX,Resources for learning HTMX for interactivity without JavaScript.,3,68.0
79,Other frameworks,A collection of resources for other front end frameworks.,3,68.0
80,Authentication and Security in the Front End,Guidelines for implementing authentication and security in front end applications.,2,1.0
81,"Authentication (JWT, OAuth, SSO, Basic Auth, Session Auth)","Guidelines for implementing various authentication methods in web applications: JWT, OAuth, SSO, Basic Auth, Session Auth.",3,80.0
82,"Web Security (CORS, HTTPS, CSP, OWASP)","Resources for securing web applications using CORS, HTTPS, CSP, and OWASP guidelines.",3,80.0
83,Rendering strategies and content delivery,Techniques for optimizing content rendering and delivery in web applications.,2,1.0
84,Static & SSG / MPA,Guidelines for using static site builders and multi-page applications.,3,83.0
85,Server & SSR,Resources for server-side rendering and web application performance optimization.,3,83.0
86,Client & SPA,Techniques for developing single-page applications (SPA) and improving user experience.,3,83.0
87,Hybrid (SSG + SSR + SPA),"Rendering combinations for optimizing web applications: SSG, SSR and SPA.",3,83.0
88,"Multi-platform (PWA, Electron, React Native, Flutter)","Guides to developing cross-platform apps using PWA, Electron, React Native and Flutter.",3,83.0
89,Front End Project Ideas,Hints and sample projects to practice and improve front end skills.,2,1.0
90,Front End news and updates,Sources of information on the latest news and trends in programming.,2,1.0
91,Article sites,Lists of sites with articles and tutorials about programming and technologies.,3,90.0
92,Newsletters,Newsletter recommendations to stay up to date with programming news.,3,90.0
93,community,Guidelines for getting involved in programming communities and collaborating with other developers.,3,90.0
94,Programming and Back End Development Resources,"Resources for developing programming and back end skills, including programming languages ​​and software architecture.",1,
95,Introduction to programming,"Introductory guides for beginners in programming, covering basic concepts and techniques.",2,94.0
96,Resources for children,Resources and tutorials to learn programming from a young age.,3,95.0
97,Good places to start,Suggested resources and platforms to start learning programming.,3,95.0
98,Useful Back End Tools,"Essential tools for back end development, including text editors, version control and file management.",2,94.0
99,Text editors and IDEs,Recommendations for the best text editors and integrated development environments (IDEs) for the back end.,3,98.0
100,Version control and GIT,Resources for managing source code in back end projects using GIT and other versioning systems.,3,98.0
101,File transfer and FTP,Detailed guidelines for efficient and secure file transfer using the FTP protocol in back end projects.,3,98.0
102,Free public APIs,Resources and examples for integrating and using free public APIs in back end application development.,3,98.0
103,Other Back End Tools and Resources,"A diverse collection of essential tools and resources for back-end developers, including libraries and frameworks.",3,98.0
104,Programming Theory and Computer Science,"Fundamental concepts and advanced theories in computer science and programming, essential for any developer.",2,94.0
105,Data structures,Learn about various data structures and their application in optimizing and streamlining programming code.,3,104.0
106,"Complexity, asymptotic notation and Big O",Explanations and resources for understanding algorithmic complexity and Big O notation essential for performance evaluation.,3,104.0
107,Common algorithms,"Implementation and analysis of the most used algorithms in software development, for solving common problems.",3,104.0
108,Manipulation of strings,Techniques and practices for efficient manipulation and processing of strings in various programming languages.,3,104.0
109,Binary operators,"Resources for understanding and applying binary operators in programming, essential for bitwise operations.",3,104.0
110,Real numbers and floating point,Guidelines for handling and using real and floating point numbers in software applications.,3,104.0
111,Character encoding,Learn different character encoding methods and their application in developing internationally compatible applications.,3,104.0
112,UML diagrams,Create and use UML diagrams to model and visualize the architecture of complex software systems.,3,104.0
113,Design patterns,Detailed resources for learning and applying design patterns in effective software development.,3,104.0
115,Search trees,Implementation and use of search trees to optimize search and sort processes in programming.,3,104.0
116,Systems design,"Advanced techniques for designing and architecting large and complex software systems, ensuring scalability and reliability.",3,104.0
117,Database,"Guidelines and resources for designing, implementing, and managing relational and non-relational databases.",3,104.0
118,Networking,Fundamental concepts and advanced networking practices essential to developing and maintaining computer networks.,3,104.0
119,Security,"Resources for protecting applications and data, including security practices and tools for identifying vulnerabilities.",3,104.0
120,How computers work,"Understanding how computers work, from hardware to software, for a solid foundation in programming.",3,104.0
121,Processes and Threads,"Guidelines for managing processes and threads in programming, ensuring efficient execution of applications.",3,104.0
122,Mathematics needed for programming,"Resources and guides for learning applied programming mathematics, essential for developing complex algorithms and applications.",2,94.0
123,Linear algebra,Details and examples for applying algorithms and data structures to solving programming problems.,3,122.0
124,Differential calculus,Advanced resources for designing and developing scalable and efficient software architectures.,3,122.0
125,Graph theory,Detailed guidelines for using design patterns in creating robust and maintainable software.,3,122.0
636,Descriptive statistics,Detailed resources and tools for Descriptive statistics.,3,122.0
637,Inferential statistics,Detailed resources and tools for Inferential statistics.,3,122.0
638,Probability theory,Detailed resources and tools for Probability theory.,3,122.0
640,Predictive modeling,Detailed resources and tools for Predictive modeling.,3,122.0
641,Regression and classification,Detailed resources and tools for Regression and classification.,3,122.0
642,Time series,Detailed resources and tools for Time series.,3,122.0
129,Algorithms and data structures,Resources for learning and applying event sourcing to application state management.,2,94.0
130,assortment,Exploring the various architectural patterns used in scalable and performant software development.,3,129.0
131,Searches,Guidelines for using message brokers in communicating and coordinating distributed application components.,3,129.0
132,Advanced data structures,Resources for using containerization and virtualization technologies in application development and management.,3,129.0
136,Software design and architecture,Guidelines for using Node.js in developing high performance and scalable back end applications.,2,94.0
137,Design patterns,Resources for learning and using the PHP language in developing dynamic web applications.,3,136.0
138,Domain driven design,Guides and tutorials for learning Python and applying it to various software projects.,3,136.0
139,Test driven development,Resources for learning and using the Java language in developing robust and scalable applications.,3,136.0
140,CQRS,"Guides for learning C and C++, including effective programming practices and applications.",3,136.0
141,Event sourcing,Detailed resources and tools for Event sourcing.,3,136.0
142,Architectural models,Detailed resources and tools for Architectural models.,3,136.0
143,Message brokers,Detailed resources and tools for Message brokers.,3,136.0
144,Containerization and virtualization,Detailed resources and tools for Containerization and virtualization.,3,136.0
145,Servers and clients,Detailed resources and tools for Servers and clients.,3,136.0
146,Scalability,Detailed resources and tools for Scalability.,3,136.0
147,Programming languages,Introductory guide to understanding Programming languages.,2,94.0
148,Node.js,Detailed resources and tools for Node.js.,3,147.0
149,PHP,Detailed resources and tools for PHP.,3,147.0
150,Python,Detailed resources and tools for Python.,3,147.0
151,Java,Detailed resources and tools for Java.,3,147.0
152,C/C++,Detailed resources and tools for C/C++.,3,147.0
153,C# / ASP.NET,Detailed resources and tools for C# / ASP.NET.,3,147.0
154,Rust,Detailed resources and tools for Rust.,3,147.0
155,GoLang,Detailed resources and tools for GoLang.,3,147.0
156,Haskell,Detailed resources and tools for Haskell.,3,147.0
157,OCaml,Detailed resources and tools for OCaml.,3,147.0
158,Prologue,Detailed resources and tools for Prologue.,3,147.0
159,Forth,Detailed resources and tools for Forth.,3,147.0
160,Erlang,Detailed resources and tools for Erlang.,3,147.0
161,R,Detailed resources and tools for R.,3,147.0
162,Rails,Detailed resources and tools for Rails.,3,147.0
163,Kotlin,Detailed resources and tools for Kotlin.,3,147.0
164,Bash,Detailed resources and tools for Bash.,3,147.0
165,PowerShell,Detailed resources and tools for PowerShell.,3,147.0
166,Other programming languages,Detailed resources and tools for Other programming languages.,3,147.0
167,SQL (Relational Databases),Introductory guide to understanding SQL (Relational Databases).,2,94.0
168,"Introduction to SQL, DDL and DML","Detailed resources and tools for Introduction to SQL, DDL and DML.",3,167.0
169,MySQL,Detailed resources and tools for MySQL.,3,167.0
170,PostgreSQL,Detailed resources and tools for PostgreSQL.,3,167.0
171,SQLite,Detailed resources and tools for SQLite.,3,167.0
172,Microsoft SQL Server,Detailed resources and tools for Microsoft SQL Server.,3,167.0
173,Oracle,Detailed resources and tools for Oracle.,3,167.0
174,IBM Db2,Detailed resources and tools for IBM Db2.,3,167.0
175,MariaDB,Detailed resources and tools for MariaDB.,3,167.0
176,Other SQL databases,Detailed resources and tools for Other SQL databases.,3,167.0
177,Advanced SQL optimizations and techniques,Detailed resources and tools for Advanced SQL optimizations and techniques.,3,167.0
178,NoSQL (Non-Relational Databases),Introductory guide to understanding NoSQL (Non-Relational Databases).,2,94.0
179,Introduction to NoSQL,Detailed resources and tools for Introduction to NoSQL.,3,178.0
180,MongoDB / CouchDB (Document DBs),Detailed resources and tools for MongoDB / CouchDB (Document DBs).,3,178.0
181,Redis / DynamoDB (Key-Value),Detailed resources and tools for Redis / DynamoDB (Key-Value).,3,178.0
182,Firebase / Supabase / RethinkDB (Realtime),Detailed resources and tools for Firebase / Supabase / RethinkDB (Realtime).,3,178.0
183,ElasticSearch / Splunk (Search),Detailed resources and tools for ElasticSearch / Splunk (Search).,3,178.0
184,Apache Cassandra / HBase (Column DBs),Detailed resources and tools for Apache Cassandra / HBase (Column DBs).,3,178.0
185,InfluxDB / TimeScale (Time series),Detailed resources and tools for InfluxDB / TimeScale (Time series).,3,178.0
186,Other NoSQL databases,Detailed resources and tools for Other NoSQL databases.,3,178.0
187,Advanced NoSQL optimizations and techniques,Detailed resources and tools for Advanced NoSQL optimizations and techniques.,3,178.0
188,OOP (Object Oriented Programming),Introductory guide to understanding OOP (Object Oriented Programming).,2,94.0
189,Basic OOP principles,Detailed resources and tools for Basic OOP principles.,3,188.0
190,Design patterns in OOP,Detailed resources and tools for Design patterns in OOP.,3,188.0
191,Examples of OOP,Detailed resources and tools for Examples of OOP.,3,188.0
195,APIs,Introductory guide to understanding APIs.,2,94.0
196,Login,Detailed resources and tools for Login.,3,195.0
197,change,Detailed resources and tools for change.,3,195.0
198,JSON,Detailed resources and tools for JSON.,3,195.0
199,SOAP,Detailed resources and tools for SOAP.,3,195.0
200,gRPC / tRPC,Detailed resources and tools for gRPC / tRPC.,3,195.0
201,GraphQL,Detailed resources and tools for GraphQL.,3,195.0
202,Free public APIs,Detailed resources and tools for Free public APIs.,3,195.0
203,Frameworks and Back End Systems,Introductory guide to understanding Frameworks and Back End Systems.,2,94.0
204,WordPress,Detailed resources and tools for WordPress.,3,203.0
205,Laravel,Detailed resources and tools for Laravel.,3,203.0
206,.NET,Detailed resources and tools for .NET.,3,203.0
207,Ruby on Rails,Detailed resources and tools for Ruby on Rails.,3,203.0
208,Express,Detailed resources and tools for Express.,3,203.0
209,Other Back End frameworks,Detailed resources and tools for Other Back End frameworks.,3,203.0
573,Manual (MQA) and Automated (AQA) testing,Introductory guide to understanding Manual (MQA) and Automated (AQA) testing.,2,94.0
574,Fundamentals of testing,Detailed resources and tools for Fundamentals of testing.,3,573.0
575,Functional testing techniques,Detailed resources and tools for Functional testing techniques.,3,573.0
576,Non-functional testing techniques,Detailed resources and tools for Non-functional testing techniques.,3,573.0
577,Other testing techniques,Detailed resources and tools for Other testing techniques.,3,573.0
578,Front end automation,Detailed resources and tools for Front end automation.,3,573.0
579,Back end automation,Detailed resources and tools for Back end automation.,3,573.0
580,Mobile automation,Detailed resources and tools for Mobile automation.,3,573.0
581,Monitoring and Logs,Detailed resources and tools for Monitoring and Logs.,3,573.0
582,Headless test techniques,Detailed resources and tools for Headless test techniques.,3,573.0
583,Integration into CI/CD systems,Detailed resources and tools for Integration into CI/CD systems.,3,573.0
210,DevOps (Development Operations),Introductory guide to understanding DevOps (Development Operations).,2,94.0
211,Operating system terminal,Detailed resources and tools for Operating system terminal.,3,210.0
213,Related systems,Detailed resources and tools for Related systems.,3,210.0
214,container,Detailed resources and tools for container.,3,210.0
215,Cloud providers,Detailed resources and tools for Cloud providers.,3,210.0
616,Amazon Web Services (AWS),Detailed resources and tools for Amazon Web Services (AWS).,3,210.0
617,Microsoft Azure,Detailed resources and tools for Microsoft Azure.,3,210.0
618,Google Cloud Platform (GCP),Detailed resources and tools for Google Cloud Platform (GCP).,3,210.0
619,"Other Cloud platforms (IBM Cloud, Oracle Cloud)","Detailed resources and tools for Other Cloud platforms (IBM Cloud, Oracle Cloud).",3,210.0
216,Networking and security protocols,Detailed resources and tools for Networking and security protocols.,3,210.0
217,Serverless,Detailed resources and tools for Serverless.,3,210.0
218,Infrastructural provision,Detailed resources and tools for Infrastructural provision.,3,210.0
219,Configuration management,Detailed resources and tools for Configuration management.,3,210.0
220,Continuous Integration / Continuous Development,Detailed resources and tools for Continuous Integration / Continuous Development.,3,210.0
221,Management of secrets,Detailed resources and tools for Management of secrets.,3,210.0
222,Infrastructure management,Detailed resources and tools for Infrastructure management.,3,210.0
223,Monitoring software,Detailed resources and tools for Monitoring software.,3,210.0
224,Log management,Detailed resources and tools for Log management.,3,210.0
225,Container orchestration,Detailed resources and tools for Container orchestration.,3,210.0
226,Artifact management,Detailed resources and tools for Artifact management.,3,210.0
227,GitOps,Detailed resources and tools for GitOps.,3,210.0
228,Other DevOps concepts and solutions,Detailed resources and tools for Other DevOps concepts and solutions.,3,210.0
229,Game Development,Introductory guide to understanding Game Development.,2,94.0
230,Assets for games,Detailed resources and tools for Assets for games.,3,229.0
231,Mathematics needed for games,Detailed resources and tools for Mathematics needed for games.,3,229.0
232,Physics systems used in games,Detailed resources and tools for Physics systems used in games.,3,229.0
233,Game development in Unity,Detailed resources and tools for Game development in Unity.,3,229.0
234,Game development in Unreal Engine,Detailed resources and tools for Game development in Unreal Engine.,3,229.0
235,Game development in Godot,Detailed resources and tools for Game development in Godot.,3,229.0
236,Native game development,Detailed resources and tools for Native game development.,3,229.0
237,Other game development engines,Detailed resources and tools for Other game development engines.,3,229.0
238,3D modeling,Detailed resources and tools for 3D modeling.,3,229.0
239,Digital graphics and rendering for games,Detailed resources and tools for Digital graphics and rendering for games.,3,229.0
240,Artificial Intelligence in games,Detailed resources and tools for Artificial Intelligence in games.,3,229.0
241,Networking and scalability in multiplayer games,Detailed resources and tools for Networking and scalability in multiplayer games.,3,229.0
242,Game data storage,Detailed resources and tools for Game data storage.,3,229.0
243,Multithreading for games,Detailed resources and tools for Multithreading for games.,3,229.0
244,Other Resources for Game Development,Detailed resources and tools for Other Resources for Game Development.,3,229.0
360,Principles of Game Design,Detailed resources and tools for Principles of Game Design.,3,229.0
361,Creating game levels,Detailed resources and tools for Creating game levels.,3,229.0
362,Game testing,Detailed resources and tools for Game testing.,3,229.0
245,Native Mobile Development,Introductory guide to understanding Native Mobile Development.,2,94.0
246,Components of mobile applications,Detailed resources and tools for Components of mobile applications.,3,245.0
247,Interface and navigation in mobile applications,Detailed resources and tools for Interface and navigation in mobile applications.,3,245.0
248,Architecture and design patterns for mobile applications,Detailed resources and tools for Architecture and design patterns for mobile applications.,3,245.0
249,Data storage in mobile applications,Detailed resources and tools for Data storage in mobile applications.,3,245.0
250,Mobile communication and synchronicity,Detailed resources and tools for Mobile communication and synchronicity.,3,245.0
251,Native Application Services,Detailed resources and tools for Native Application Services.,3,245.0
252,Other resources for native development,Detailed resources and tools for Other resources for native development.,3,245.0
253,Graphics and rendering engines,Introductory guide to understanding Graphics and rendering engines.,2,94.0
356,Rendering algorithms,Detailed resources and tools for Rendering algorithms.,3,253.0
357,Popular graphics engines,Detailed resources and tools for Popular graphics engines.,3,253.0
254,OpenGL,Detailed resources and tools for OpenGL.,3,253.0
255,Vulkan,Detailed resources and tools for Vulkan.,3,253.0
256,DirectX,Detailed resources and tools for DirectX.,3,253.0
257,Metal,Detailed resources and tools for Metal.,3,253.0
262,Blockchain & Crypto Development,Introductory guide to understanding Blockchain & Crypto Development.,2,94.0
263,Blockchain Concepts,Detailed resources and tools for Blockchain Concepts.,3,262.0
264,EVM Blockchains,Detailed resources and tools for EVM Blockchains.,3,262.0
265,L2 Blockchains,Detailed resources and tools for L2 Blockchains.,3,262.0
266,Other Blockchains,Detailed resources and tools for Other Blockchains.,3,262.0
267,Oracles,Detailed resources and tools for Oracles.,3,262.0
268,Smart Contracts,Detailed resources and tools for Smart Contracts.,3,262.0
269,Blockchain Security,Detailed resources and tools for Blockchain Security.,3,262.0
270,Decentralized applications,Detailed resources and tools for Decentralized applications.,3,262.0
271,Blockchain Scalability,Detailed resources and tools for Blockchain Scalability.,3,262.0
272,Operating systems,Introductory guide to understanding Operating systems.,2,94.0
273,Linux / Unix,Detailed resources and tools for Linux / Unix.,3,272.0
274,Windows,Detailed resources and tools for Windows.,3,272.0
275,macOS / iOS,Detailed resources and tools for macOS / iOS.,3,272.0
276,Android,Detailed resources and tools for Android.,3,272.0
284,Data Science & Data Mining,Introductory guide to understanding Data Science & Data Mining.,2,94.0
285,Python for Data Science,Detailed resources and tools for Python for Data Science.,3,284.0
286,R for Data Science,Detailed resources and tools for R for Data Science.,3,284.0
287,Data analysis,Detailed resources and tools for Data analysis.,3,284.0
631,sheet,Detailed resources and tools for sheet.,3,284.0
632,Power BI,Detailed resources and tools for Power BI.,3,284.0
633,Google Looker Studio (ex Google Data Studio),Detailed resources and tools for Google Looker Studio (ex Google Data Studio).,3,284.0
634,D3.js,Detailed resources and tools for D3.js.,3,284.0
291,Artificial Intelligence and Machine Learning,Introductory guide to understanding Artificial Intelligence and Machine Learning.,2,94.0
292,Math,Detailed resources and tools for Math.,3,291.0
293,Statistics,Detailed resources and tools for Statistics.,3,291.0
294,Econometrics,Detailed resources and tools for Econometrics.,3,291.0
295,Programming languages,Detailed resources and tools for Programming languages.,3,291.0
296,Exploratory Data Analysis (EDA),Detailed resources and tools for Exploratory Data Analysis (EDA).,3,291.0
297,Machine Learning,Detailed resources and tools for Machine Learning.,3,291.0
298,Deep Learning,Detailed resources and tools for Deep Learning.,3,291.0
299,MLOps,Detailed resources and tools for MLOps.,3,291.0
277,Low level hardware and programming,Introductory guide to understanding Low level hardware and programming.,2,94.0
278,Assembly,Detailed resources and tools for Assembly.,3,277.0
279,MICROCONTROLLERS,Detailed resources and tools for MICROCONTROLLERS.,3,277.0
280,Embedded systems,Detailed resources and tools for Embedded systems.,3,277.0
300,Back End Project Ideas,Introductory guide to understanding Back End Project Ideas.,2,94.0
301,Programming news and updates,Introductory guide to understanding Programming news and updates.,2,94.0
302,Article sites,Detailed resources and tools for Article sites.,3,301.0
303,Newsletters,Detailed resources and tools for Newsletters.,3,301.0
304,community,Detailed resources and tools for community.,3,301.0
305,"Design, Graphics, Videography and Creativity Resources",Guidelines for creating visual identity and branding elements for companies and products.,1,
306,Design principles and aesthetics,Introductory guide to understanding Design principles and aesthetics.,2,305.0
307,White space,Detailed resources and tools for White space.,3,306.0
308,Contrast,Detailed resources and tools for Contrast.,3,306.0
309,SIZE,Detailed resources and tools for SIZE.,3,306.0
310,Alignment,Detailed resources and tools for Alignment.,3,306.0
311,Visual hierarchy,Detailed resources and tools for Visual hierarchy.,3,306.0
312,Measurement units,Detailed resources and tools for Measurement units.,3,306.0
313,Typography and typefaces,Introductory guide to understanding Typography and typefaces.,2,305.0
314,Essential principles of typographic design,Detailed resources and tools for Essential principles of typographic design.,3,313.0
315,Text arrangement,Detailed resources and tools for Text arrangement.,3,313.0
316,Choice of fonts,Detailed resources and tools for Choice of fonts.,3,313.0
317,Layout and grid systems,Introductory guide to understanding Layout and grid systems.,2,305.0
318,Basic grids,Detailed resources and tools for Basic grids.,3,317.0
319,Flexible layout,Detailed resources and tools for Flexible layout.,3,317.0
320,Responsive grid systems,Detailed resources and tools for Responsive grid systems.,3,317.0
321,Color theory,Introductory guide to understanding Color theory.,2,305.0
322,The color wheel,Detailed resources and tools for The color wheel.,3,321.0
323,Color combinations,Detailed resources and tools for Color combinations.,3,321.0
324,The psychology of colors,Detailed resources and tools for The psychology of colors.,3,321.0
325,Branding and identity design,Introductory guide to understanding Branding and identity design.,2,305.0
326,Creating a logo,Detailed resources and tools for Creating a logo.,3,325.0
327,Visual identity,Detailed resources and tools for Visual identity.,3,325.0
328,Brand guides,Detailed resources and tools for Brand guides.,3,325.0
329,Design of UI (User Interface) components,Introductory guide to understanding Design of UI (User Interface) components.,2,305.0
330,Buttons and navigation,Detailed resources and tools for Buttons and navigation.,3,329.0
331,Editorial design: Articles and content,Detailed resources and tools for Editorial design: Articles and content.,3,329.0
332,Forms and interactivity,Detailed resources and tools for Forms and interactivity.,3,329.0
333,Visual artifacts,Detailed resources and tools for Visual artifacts.,3,329.0
334,UX (User Experience) Design,Introductory guide to understanding UX (User Experience) Design.,2,305.0
335,Information architecture,Detailed resources and tools for Information architecture.,3,334.0
336,Wireframing and Prototyping,Detailed resources and tools for Wireframing and Prototyping.,3,334.0
337,Behavior and HCI (Human Computer Interaction),Detailed resources and tools for Behavior and HCI (Human Computer Interaction).,3,334.0
338,Product & Business Model,Detailed resources and tools for Product & Business Model.,3,334.0
339,Best practices in UX,Detailed resources and tools for Best practices in UX.,3,334.0
340,Impact measurement and user testing,Detailed resources and tools for Impact measurement and user testing.,3,334.0
341,Accessible design,Introductory guide to understanding Accessible design.,2,305.0
342,Contrast,Detailed resources and tools for Contrast.,3,341.0
343,Sizes,Detailed resources and tools for Sizes.,3,341.0
344,"Interaction Design, animations and special effects","Introductory guide to understanding Interaction Design, animations and special effects.",2,305.0
345,Animations,Detailed resources and tools for Animations.,3,344.0
346,Special effects,Detailed resources and tools for Special effects.,3,344.0
347,"Illustration, infographics and graphic design","Introductory guide to understanding Illustration, infographics and graphic design.",2,305.0
348,Illustration techniques,Detailed resources and tools for Illustration techniques.,3,347.0
349,Creating infographics,Detailed resources and tools for Creating infographics.,3,347.0
350,Digital graphic design,Detailed resources and tools for Digital graphic design.,3,347.0
351,Graphics and 3D Modeling,Introductory guide to understanding Graphics and 3D Modeling.,2,305.0
352,3D modeling,Detailed resources and tools for 3D modeling.,3,351.0
353,Texturing and lighting,Detailed resources and tools for Texturing and lighting.,3,351.0
354,3D rendering,Detailed resources and tools for 3D rendering.,3,351.0
363,Photography and photo editing,Introductory guide to understanding Photography and photo editing.,2,305.0
364,Photography techniques,Detailed resources and tools for Photography techniques.,3,363.0
365,Advanced photo editing,Detailed resources and tools for Advanced photo editing.,3,363.0
366,Digital photo manipulation,Detailed resources and tools for Digital photo manipulation.,3,363.0
367,Videography and video editing,Introductory guide to understanding Videography and video editing.,2,305.0
368,Video shooting,Detailed resources and tools for Video shooting.,3,367.0
369,Video editing,Detailed resources and tools for Video editing.,3,367.0
370,Special effects in video,Detailed resources and tools for Special effects in video.,3,367.0
371,Design Systems and Design Thinking,Introductory guide to understanding Design Systems and Design Thinking.,2,305.0
372,Creation of Design Systems,Detailed resources and tools for Creation of Design Systems.,3,371.0
373,Principles of Design Thinking,Detailed resources and tools for Principles of Design Thinking.,3,371.0
374,Implementation of Design Systems,Detailed resources and tools for Implementation of Design Systems.,3,371.0
375,Design resources,Introductory guide to understanding Design resources.,2,305.0
376,Stock images and videos,Detailed resources and tools for Stock images and videos.,3,375.0
377,Font repositories,Detailed resources and tools for Font repositories.,3,375.0
378,ICON,Detailed resources and tools for ICON.,3,375.0
379,Vector graphics,Detailed resources and tools for Vector graphics.,3,375.0
380,AI-powered creative tools,Detailed resources and tools for AI-powered creative tools.,3,375.0
381,Online Marketing Resources,"Guides, resources and tools to ensure your business success through online marketing tactics and strategies, from SEO to PPC and Growth Hacking.",1,
382,Introduction to Online Marketing,Introductory guide to understanding Introduction to Online Marketing.,2,381.0
383,Conversion and the buyer's journey,Detailed resources and tools for Conversion and the buyer's journey.,3,382.0
384,Funnel vs flywheel,Detailed resources and tools for Funnel vs flywheel.,3,382.0
385,UVP (Unique Value Proposition) / USP (Unique Selling Proposition),Detailed resources and tools for UVP (Unique Value Proposition) / USP (Unique Selling Proposition).,3,382.0
386,ROI (Return on Investment) / CRO (Conversion Rate Optimization),Detailed resources and tools for ROI (Return on Investment) / CRO (Conversion Rate Optimization).,3,382.0
387,Market research and competitor analysis,Introductory guide to understanding Market research and competitor analysis.,2,381.0
388,Business analysis,Detailed resources and tools for Business analysis.,3,387.0
389,"Behaviors, personas and target market","Detailed resources and tools for Behaviors, personas and target market.",3,387.0
390,Competition and analysis tools,Detailed resources and tools for Competition and analysis tools.,3,387.0
392,"Creating, auditing and optimizing your website","Introductory guide to understanding Creating, auditing and optimizing your website.",2,381.0
393,Website creation,Detailed resources and tools for Website creation.,3,392.0
394,Auditing the site,Detailed resources and tools for Auditing the site.,3,392.0
395,Performance optimization,Detailed resources and tools for Performance optimization.,3,392.0
396,UX/UI optimization,Detailed resources and tools for UX/UI optimization.,3,392.0
397,"Copywriting, Content Writing & Content Marketing","Introductory guide to understanding Copywriting, Content Writing & Content Marketing.",2,381.0
398,Principles of copywriting,Detailed resources and tools for Principles of copywriting.,3,397.0
399,Content writing techniques,Detailed resources and tools for Content writing techniques.,3,397.0
400,Content strategy,Detailed resources and tools for Content strategy.,3,397.0
401,Distribution and promotion of content,Detailed resources and tools for Distribution and promotion of content.,3,397.0
402,SEO (Search Engine Optimization),Introductory guide to understanding SEO (Search Engine Optimization).,2,381.0
403,Introduction to SEO,Detailed resources and tools for Introduction to SEO.,3,402.0
404,Search engines and how they work,Detailed resources and tools for Search engines and how they work.,3,402.0
405,Keyword research,Detailed resources and tools for Keyword research.,3,402.0
406,On-page SEO,Detailed resources and tools for On-page SEO.,3,402.0
407,Link building,Detailed resources and tools for Link building.,3,402.0
408,Technical SEO,Detailed resources and tools for Technical SEO.,3,402.0
409,Content marketing,Detailed resources and tools for Content marketing.,3,402.0
410,SEO tools,Detailed resources and tools for SEO tools.,3,402.0
411,PPC (Pay Per Click Advertising),Introductory guide to understanding PPC (Pay Per Click Advertising).,2,381.0
412,Introduction to PPC,Detailed resources and tools for Introduction to PPC.,3,411.0
413,Google Ads,Detailed resources and tools for Google Ads.,3,411.0
414,Bing Ads,Detailed resources and tools for Bing Ads.,3,411.0
415,Yandex Ads,Detailed resources and tools for Yandex Ads.,3,411.0
416,Facebook / Instagram Ads,Detailed resources and tools for Facebook / Instagram Ads.,3,411.0
417,TikTok Ads,Detailed resources and tools for TikTok Ads.,3,411.0
418,LinkedIn Ads,Detailed resources and tools for LinkedIn Ads.,3,411.0
419,X / Twitter Ads,Detailed resources and tools for X / Twitter Ads.,3,411.0
420,Pinterest Ads,Detailed resources and tools for Pinterest Ads.,3,411.0
421,Reddit Ads,Detailed resources and tools for Reddit Ads.,3,411.0
422,Retargeting,Detailed resources and tools for Retargeting.,3,411.0
423,Display Advertising and image campaigns,Introductory guide to understanding Display Advertising and image campaigns.,2,381.0
424,Principles of display advertising,Detailed resources and tools for Principles of display advertising.,3,423.0
425,Banner creation techniques,Detailed resources and tools for Banner creation techniques.,3,423.0
426,Image campaign strategies,Detailed resources and tools for Image campaign strategies.,3,423.0
427,Social Media Marketing,Introductory guide to understanding Social Media Marketing.,2,381.0
428,Introduction to SMM,Detailed resources and tools for Introduction to SMM.,3,427.0
429,YouTube,Detailed resources and tools for YouTube.,3,427.0
430,TikTok,Detailed resources and tools for TikTok.,3,427.0
431,Facebook,Detailed resources and tools for Facebook.,3,427.0
432,Instagram,Detailed resources and tools for Instagram.,3,427.0
433,X / Twitter,Detailed resources and tools for X / Twitter.,3,427.0
434,LinkedIn,Detailed resources and tools for LinkedIn.,3,427.0
435,Reddit,Detailed resources and tools for Reddit.,3,427.0
436,Pinterest,Detailed resources and tools for Pinterest.,3,427.0
437,Quora,Detailed resources and tools for Quora.,3,427.0
438,Mastodon,Detailed resources and tools for Mastodon.,3,427.0
439,Influencer Marketing,Introductory guide to understanding Influencer Marketing.,2,381.0
440,Identifying influencers,Detailed resources and tools for Identifying influencers.,3,439.0
441,Collaboration with influencers,Detailed resources and tools for Collaboration with influencers.,3,439.0
442,Measuring impact,Detailed resources and tools for Measuring impact.,3,439.0
443,Referral & Affiliate Marketing,Introductory guide to understanding Referral & Affiliate Marketing.,2,381.0
444,Principles of referral marketing,Detailed resources and tools for Principles of referral marketing.,3,443.0
445,Affiliate marketing techniques,Detailed resources and tools for Affiliate marketing techniques.,3,443.0
446,Management tools,Detailed resources and tools for Management tools.,3,443.0
447,Email & Permission Marketing,Introductory guide to understanding Email & Permission Marketing.,2,381.0
448,Creating email lists,Detailed resources and tools for Creating email lists.,3,447.0
449,Audience segmentation,Detailed resources and tools for Audience segmentation.,3,447.0
450,Email marketing techniques,Detailed resources and tools for Email marketing techniques.,3,447.0
451,Automation of campaigns,Detailed resources and tools for Automation of campaigns.,3,447.0
452,Marketplace & Mobile App Marketing,Introductory guide to understanding Marketplace & Mobile App Marketing.,2,381.0
453,Marketing on marketplaces,Detailed resources and tools for Marketing on marketplaces.,3,452.0
454,Promotion of mobile applications,Detailed resources and tools for Promotion of mobile applications.,3,452.0
455,App store optimization,Detailed resources and tools for App store optimization.,3,452.0
456,B2B Marketing,Introductory guide to understanding B2B Marketing.,2,381.0
457,B2B marketing strategies,Detailed resources and tools for B2B marketing strategies.,3,456.0
458,Lead generation / DemandGen,Detailed resources and tools for Lead generation / DemandGen.,3,456.0
459,Nurturing campaigns,Detailed resources and tools for Nurturing campaigns.,3,456.0
460,"AI, automation and emerging technology in marketing","Introductory guide to understanding AI, automation and emerging technology in marketing.",2,381.0
461,Using AI in Marketing,Detailed resources and tools for Using AI in Marketing.,3,460.0
462,Automation of marketing processes,Detailed resources and tools for Automation of marketing processes.,3,460.0
463,Emerging technologies,Detailed resources and tools for Emerging technologies.,3,460.0
464,Marketing tactics for eCommerce,Introductory guide to understanding Marketing tactics for eCommerce.,2,381.0
465,eCommerce platforms,Detailed resources and tools for eCommerce platforms.,3,464.0
466,eCommerce features,Detailed resources and tools for eCommerce features.,3,464.0
467,Shopping marketplaces,Detailed resources and tools for Shopping marketplaces.,3,464.0
468,Price comparisons,Detailed resources and tools for Price comparisons.,3,464.0
469,SaaS Marketing Tactics,Introductory guide to understanding SaaS Marketing Tactics.,2,381.0
608,Strategies and Tactics for Software as a Service,Detailed resources and tools for Strategies and Tactics for Software as a Service.,3,469.0
470,Business reviews,Detailed resources and tools for Business reviews.,3,469.0
471,Developing customer relationships,Detailed resources and tools for Developing customer relationships.,3,469.0
472,Brick & mortar marketing tactics,Introductory guide to understanding Brick & mortar marketing tactics.,2,381.0
473,Google Maps & Google My Business,Detailed resources and tools for Google Maps & Google My Business.,3,472.0
474,TripAdvisor,Detailed resources and tools for TripAdvisor.,3,472.0
475,Business strategy,Introductory guide to understanding Business strategy.,2,381.0
476,Business strategy and tactics,Detailed resources and tools for Business strategy and tactics.,3,475.0
477,How to set prices,Detailed resources and tools for How to set prices.,3,475.0
478,Product-Market-Pricing fit,Detailed resources and tools for Product-Market-Pricing fit.,3,475.0
479,Internationalization,Detailed resources and tools for Internationalization.,3,475.0
480,Growth hacking,Introductory guide to understanding Growth hacking.,2,381.0
481,Acquisition and inbound traffic channels,Detailed resources and tools for Acquisition and inbound traffic channels.,3,480.0
482,Traffic qualification,Detailed resources and tools for Traffic qualification.,3,480.0
483,A/B Testing and experimentation,Detailed resources and tools for A/B Testing and experimentation.,3,480.0
484,CRO and optimization of landing pages,Detailed resources and tools for CRO and optimization of landing pages.,3,480.0
485,"Onboarding, retention, repeat business","Detailed resources and tools for Onboarding, retention, repeat business.",3,480.0
607,Product-led Growth,Detailed resources and tools for Product-led Growth.,3,480.0
486,KPIs and measurement,Detailed resources and tools for KPIs and measurement.,3,480.0
487,Networking & Cyber ​​Security Resources,Resources for learning and applying networking and cybersecurity concepts.,1,
488,"Introduction to IT, Networking and Security","Introductory guide to understanding Introduction to IT, Networking and Security.",2,487.0
489,History of IT,Detailed resources and tools for History of IT.,3,488.0
490,The basics of networking,Detailed resources and tools for The basics of networking.,3,488.0
491,Security principles,Detailed resources and tools for Security principles.,3,488.0
492,Legality and Ethics in Security,Detailed resources and tools for Legality and Ethics in Security.,3,488.0
493,Networking,Introductory guide to understanding Networking.,2,487.0
494,Network devices,Detailed resources and tools for Network devices.,3,493.0
495,Network services and applications,Detailed resources and tools for Network services and applications.,3,493.0
496,DHCP,Detailed resources and tools for DHCP.,3,493.0
497,DNS,Detailed resources and tools for DNS.,3,493.0
498,Network Address Translation,Detailed resources and tools for Network Address Translation.,3,493.0
499,WAN,Detailed resources and tools for WAN.,3,493.0
500,Cabling,Detailed resources and tools for Cabling.,3,493.0
501,Network topologies,Detailed resources and tools for Network topologies.,3,493.0
502,Infrastructure,Detailed resources and tools for Infrastructure.,3,493.0
503,Protocols: IPv4 vs IPv6,Detailed resources and tools for Protocols: IPv4 vs IPv6.,3,493.0
504,Routing,Detailed resources and tools for Routing.,3,493.0
505,Subnetting,Detailed resources and tools for Subnetting.,3,493.0
506,Virtualization,Detailed resources and tools for Virtualization.,3,493.0
507,Implementation,Detailed resources and tools for Implementation.,3,493.0
508,Monitoring and forensics,Detailed resources and tools for Monitoring and forensics.,3,493.0
509,Configuration,Detailed resources and tools for Configuration.,3,493.0
510,Login,Detailed resources and tools for Login.,3,493.0
511,Troubleshooting,Detailed resources and tools for Troubleshooting.,3,493.0
512,Operating systems,Introductory guide to understanding Operating systems.,2,487.0
513,Linux / Unix,Detailed resources and tools for Linux / Unix.,3,512.0
514,Windows,Detailed resources and tools for Windows.,3,512.0
515,macOS / iOS,Detailed resources and tools for macOS / iOS.,3,512.0
516,Android,Detailed resources and tools for Android.,3,512.0
517,Cyber ​​security,Introductory guide to understanding Cyber ​​security.,2,487.0
518,Cryptography,Detailed resources and tools for Cryptography.,3,517.0
519,Vulnerabilities,Detailed resources and tools for Vulnerabilities.,3,517.0
520,Incident response & discovery,Detailed resources and tools for Incident response & discovery.,3,517.0
521,Threat classification,Detailed resources and tools for Threat classification.,3,517.0
522,Management of protocols,Detailed resources and tools for Management of protocols.,3,517.0
523,Log management,Detailed resources and tools for Log management.,3,517.0
524,Network attacks,Detailed resources and tools for Network attacks.,3,517.0
525,Application attacks,Detailed resources and tools for Application attacks.,3,517.0
526,Attacks on people,Detailed resources and tools for Attacks on people.,3,517.0
527,Hardening,Detailed resources and tools for Hardening.,3,517.0
528,Security tools,Detailed resources and tools for Security tools.,3,517.0
529,CERTIFICATION,Detailed resources and tools for CERTIFICATION.,3,517.0
530,Security in the Cloud,Introductory guide to understanding Security in the Cloud.,2,487.0
531,Cloud Security Basics,Detailed resources and tools for Cloud Security Basics.,3,530.0
532,Security for Amazon Web Services,Detailed resources and tools for Security for Amazon Web Services.,3,530.0
533,Security for Google Cloud,Detailed resources and tools for Security for Google Cloud.,3,530.0
534,Security for Azure,Detailed resources and tools for Security for Azure.,3,530.0
535,Security for private clouds,Detailed resources and tools for Security for private clouds.,3,530.0
536,Security for other cloud systems,Detailed resources and tools for Security for other cloud systems.,3,530.0
544,Management Resources,Guidelines for using headless testing techniques in software projects.,1,
545,"Workflow, SCRUM and Project Management","Introductory guide to understanding Workflow, SCRUM and Project Management.",2,544.0
546,Agile methodologies,Detailed resources and tools for Agile methodologies.,3,545.0
547,Project management tools,Detailed resources and tools for Project management tools.,3,545.0
548,Resources management,Detailed resources and tools for Resources management.,3,545.0
549,Management & Leadership,Introductory guide to understanding Management & Leadership.,2,544.0
550,Developing leadership skills,Detailed resources and tools for Developing leadership skills.,3,549.0
551,Team management,Detailed resources and tools for Team management.,3,549.0
552,Management of change,Detailed resources and tools for Management of change.,3,549.0
553,Product Management,Introductory guide to understanding Product Management.,2,544.0
554,Product life cycle,Detailed resources and tools for Product life cycle.,3,553.0
555,Planning and roadmap,Detailed resources and tools for Planning and roadmap.,3,553.0
556,Prioritization techniques,Detailed resources and tools for Prioritization techniques.,3,553.0
557,Entrepreneurship and startups,Introductory guide to understanding Entrepreneurship and startups.,2,544.0
558,Introduction to entrepreneurship,Detailed resources and tools for Introduction to entrepreneurship.,3,557.0
559,Product-market fit,Detailed resources and tools for Product-market fit.,3,557.0
560,Tips for recruiters,Introductory guide to understanding Tips for recruiters.,2,544.0
561,Recruitment techniques,Detailed resources and tools for Recruitment techniques.,3,560.0
562,Evaluation of candidates,Detailed resources and tools for Evaluation of candidates.,3,560.0
563,Onboarding,Detailed resources and tools for Onboarding.,3,560.0
564,Other digital resources,Resources to optimize the hiring process and improve the chances of success.,1,
565,How to get hired more easily,Introductory guide to understanding How to get hired more easily.,2,564.0
566,CV writing,Detailed resources and tools for CV writing.,3,565.0
567,Preparing for the interview,Detailed resources and tools for Preparing for the interview.,3,565.0
568,Professional networking,Detailed resources and tools for Professional networking.,3,565.0
569,Freelancing,Introductory guide to understanding Freelancing.,2,564.0
570,How to find customers,Detailed resources and tools for How to find customers.,3,569.0
571,Project management,Detailed resources and tools for Project management.,3,569.0
572,Pricing,Detailed resources and tools for Pricing.,3,569.0
584,Science and technology,Introductory guide to understanding Science and technology.,2,564.0
585,Recent scientific discoveries,Detailed resources and tools for Recent scientific discoveries.,3,584.0
586,Technological innovations,Detailed resources and tools for Technological innovations.,3,584.0
587,Trends in technology,Detailed resources and tools for Trends in technology.,3,584.0
588,English language,Introductory guide to understanding English language.,2,564.0
589,Learning English - Basics,Detailed resources and tools for Learning English - Basics.,3,588.0
590,Communication practices,Detailed resources and tools for Communication practices.,3,588.0
591,Resources for practice,Detailed resources and tools for Resources for practice.,3,588.0
592,General and life advice,Introductory guide to understanding General and life advice.,2,564.0
593,Time management,Detailed resources and tools for Time management.,3,592.0
594,Productivity techniques,Detailed resources and tools for Productivity techniques.,3,592.0
595,Tips for mental health,Detailed resources and tools for Tips for mental health.,3,592.0
596,Verbal and non-verbal communication,Detailed resources and tools for Verbal and non-verbal communication.,3,565.0
597,Presentations and public speaking,Detailed resources and tools for Presentations and public speaking.,3,565.0
598,Negotiation and influence,Detailed resources and tools for Negotiation and influence.,3,565.0
599,Collaboration and cooperation,Detailed resources and tools for Collaboration and cooperation.,3,569.0
600,Conflict management,Detailed resources and tools for Conflict management.,3,569.0
601,Teambuilding and team spirit,Detailed resources and tools for Teambuilding and team spirit.,3,569.0
602,Critical thinking techniques,Detailed resources and tools for Critical thinking techniques.,3,592.0
603,Problem solving methodologies,Detailed resources and tools for Problem solving methodologies.,3,592.0
604,Data-driven decisions,Detailed resources and tools for Data-driven decisions.,3,592.0
606,Prioritization and planning,Detailed resources and tools for Prioritization and planning.,3,592.0
