id,title_en,description_en,taxonomy_type_id,parent_id
1,Front End Development Resources,"Tools and guides for developing front end skills: HTML, CSS, JavaScript, and modern frameworks.",1,
2,Introduction to Front End,"Learn the basics of front end development with HTML, CSS, and JavaScript tutorials.",2,1.0
3,Useful Front End Tools,"The best tools for streamlining front-end work: editors, plugins and version control.",2,1.0
4,Browsers and plugins,Guides to using essential browsers and plugins in front end development.,3,3.0
5,Text editors and IDEs,Recommendations for the best text editors and IDEs for front end developers.,3,3.0
6,Version control and GIT,Resources for managing source code using GIT and other versioning systems.,3,3.0
7,File transfer and FTP,Tutorials for transferring files and using the FTP protocol in web projects.,3,3.0
8,Website testing,Techniques and tools for testing the performance and functionality of websites.,3,3.0
9,Hosting & deployment for websites,Guidelines for hosting and deploying websites on servers.,3,3.0
10,Other Front End Tools and Resources,A collection of various tools and resources for front end developers.,3,3.0
11,HTML (Hyper Text Markup Language),Complete resources for learning and using HTML in web development.,2,1.0
12,Basic elements,Guides to the fundamentals of the HTML language.,3,11.0
13,Architecture and information structures,Tips for organizing and structuring information on web pages.,3,11.0
14,Content Sections,Techniques for creating and managing content sections in HTML.,3,11.0
15,formulation,Guidelines for creating interactive and accessible forms in HTML.,3,11.0
16,Meta information,Use of meta tags to optimize web pages.,3,11.0
17,Semantics,The importance of semantic elements in HTML and how to use them effectively.,3,11.0
18,Multimedia and non-standard elements,Integrating multimedia and custom elements into web pages.,3,11.0
19,Embeds and Web Components,Guidelines for including web components and embedded elements in HTML.,3,11.0
20,Conventions and best practices,Best practices and conventions for writing HTML code.,3,11.0
21,Accessibility,"Guidelines for creating accessible web pages for all users, including those with disabilities.",3,11.0
22,Technical SEO,Advanced SEO techniques to technically optimize web pages and improve search engine rankings.,3,11.0
23,Progressive enhancement,Strategies to ensure an improved user experience across all devices and browsers.,3,11.0
24,Performance,Optimizing web page performance for fast loading and great user experience.,3,11.0
25,Emmet and other speed utilities,Using Emmet and other tools to increase coding efficiency and speed.,3,11.0
26,CSS (Cascading Style Sheets),Resources for learning and using CSS to style web pages and create attractive designs.,2,1.0
27,Introduction to CSS,CSS Basics: Learning the fundamental syntax and concepts for styling web pages.,3,26.0
28,Components and details,Guidelines for using CSS components and details for advanced styling of web elements.,3,26.0
29,PRINTING,Styling text on web pages using CSS to create professional typographic designs.,3,26.0
30,Layout and Box Model,Techniques for creating responsive layouts and using the Box pattern to arrange elements.,3,26.0
31,Interactivity,Adding interactivity to web pages using CSS and pseudo-classes.,3,26.0
32,Animations and special effects,Creating animations and special effects in CSS to improve the user experience.,3,26.0
33,Design principles and systems,Implementing design principles and design systems for visual coherence.,3,26.0
34,CSS preprocessors: SCSS vs SASS vs LESS,"Comparison and use of CSS preprocessors: SCSS, SASS and LESS.",3,26.0
35,Tailwind and other CSS frameworks,Using Tailwind and other CSS frameworks to create fast and efficient designs.,3,26.0
36,Layout & Mobile-first Responsive Web Design,"Responsive design strategies, starting with mobile devices for an optimal experience.",2,1.0
37,Responsive Web Design,Guidelines for creating responsive web pages that adapt to different screen sizes.,3,36.0
38,Mobile First Design,Mobile-First Approach: Starting with mobile design and scaling to larger screens.,3,36.0
39,Layout,Creating flexible and adaptive layouts for web pages.,3,36.0
41,"Implementation of design, templating and UX","Guidelines for design implementation, templating, and user experience (UX) optimization.",2,1.0
42,UX (User Experience),Techniques and principles for improving user experience on websites and web applications.,3,41.0
43,Fig,Resources for using Figma in UI/UX design and team collaboration.,3,41.0
44,Adobe XD,Guidelines for using Adobe XD in prototyping and interactive designs.,3,41.0
45,Photoshop,Tutorials for using Adobe Photoshop in web design and graphic editing.,3,41.0
46,JavaScript,"Resources for learning JavaScript, from the basics of the language to advanced techniques.",2,1.0
47,Introduction to JavaScript,Beginner's Guide to JavaScript: Basic Syntax and Fundamental Concepts.,3,46.0
48,Basic syntax in JavaScript,Detailed explanations of JavaScript syntax for beginners.,3,46.0
49,Advanced JavaScript techniques,Resources for learning advanced JavaScript techniques and code optimization.,3,46.0
50,Algorithmics in JavaScript,Guidelines for implementing algorithms in JavaScript and solving problems.,3,46.0
52,Conventions and best practices,Best practices and conventions for writing quality JavaScript code.,3,46.0
53,TypeScript,Resources for learning TypeScript and integrating it into your web projects.,2,1.0
54,Introduction to TypeScript,Beginner's Guide to TypeScript: Fundamentals and Syntax.,3,53.0
55,Types and Assertions,Detailed explanations of types and assertions in TypeScript.,3,53.0
56,Advanced concepts of TypeScript,Resources for learning and applying advanced TypeScript concepts.,3,53.0
57,TypeScript modules,Guidelines for using modules in TypeScript and organizing your code.,3,53.0
58,TypeScript ecosystem,Resources for exploring the TypeScript ecosystem and integrating it into various projects.,3,53.0
59,Front End Tooling,"Essential tools for front end development, including bundling, linting and testing.",2,1.0
60,"Bundling (NPM, Good)",Guidelines for using NPM in bundling JavaScript files and managing packages.,3,59.0
61,"Package Management (PNPM, Good)",Guidelines for managing JavaScript packages using PNPM for efficiency and performance.,3,59.0
62,Task running,Tools and techniques for automating tasks in front end development.,3,59.0
63,Style formatting (Prettier),Using Prettier for consistent and automatic formatting of front end code.,3,59.0
64,Linting (ESLint),Guidelines for using ESLint in identifying and correcting errors in JavaScript code.,3,59.0
65,Unit Testing (Vitest),Resources for unit testing front end code using Vitest.,3,59.0
66,End to End Testing (Playwright),Techniques for end-to-end web application testing using Playwright.,3,59.0
67,Type checking (ESLint),Guidelines for checking data types in TypeScript.,3,59.0
68,Frameworks and Front End Systems,Resources for using the most popular frameworks and front end systems.,2,1.0
69,React.js and Next.js,Guidelines for developing web applications with React.js and Next.js.,3,68.0
70,Vue and Nuxt.js,Resources for learning and using Vue.js and Nuxt.js in front end development.,3,68.0
71,Angular,Tutorials and resources for developing web applications using Angular.,3,68.0
72,Svelte and SvelteKit,Guidelines for using Svelte and SvelteKit in creating efficient web applications.,3,68.0
73,Qwik and QwikCity,Resources for learning Qwik and QwikCity in developing high-performance applications.,3,68.0
74,Solid and SolidStart,Guidelines for using Solid and SolidStart in web application development.,3,68.0
75,Astro,"Resources for learning Astro for fast, modern website development.",3,68.0
76,Right now,Tutorials for using Preact to develop fast and efficient applications.,3,68.0
77,Express,Guidelines for using Express in developing backend applications with Node.js.,3,68.0
78,HTMX,Resources for learning HTMX for interactivity without JavaScript.,3,68.0
79,Other frameworks,A collection of resources for other front end frameworks.,3,68.0
80,Authentication and Security in the Front End,Guidelines for implementing authentication and security in front end applications.,2,1.0
81,"Authentication (JWT, OAuth, SSO, Basic Auth, Session Auth)","Guidelines for implementing various authentication methods in web applications: JWT, OAuth, SSO, Basic Auth, Session Auth.",3,80.0
82,"Web Security (CORS, HTTPS, CSP, OWASP)","Resources for securing web applications using CORS, HTTPS, CSP, and OWASP guidelines.",3,80.0
83,Rendering strategies and content delivery,Techniques for optimizing content rendering and delivery in web applications.,2,1.0
84,Static & SSG / MPA,Guidelines for using static site builders and multi-page applications.,3,83.0
85,Server & SSR,Resources for server-side rendering and web application performance optimization.,3,83.0
86,Client & SPA,Techniques for developing single-page applications (SPA) and improving user experience.,3,83.0
87,Hybrid (SSG + SSR + SPA),"Rendering combinations for optimizing web applications: SSG, SSR and SPA.",3,83.0
88,"Multi-platform (PWA, Electron, React Native, Flutter)","Guides to developing cross-platform apps using PWA, Electron, React Native and Flutter.",3,83.0
89,Front End Project Ideas,Hints and sample projects to practice and improve front end skills.,2,1.0
90,Front End news and updates,Sources of information on the latest news and trends in programming.,2,1.0
91,Article sites,Lists of sites with articles and tutorials about programming and technologies.,3,90.0
92,Newsletters,Newsletter recommendations to stay up to date with programming news.,3,90.0
93,community,Guidelines for getting involved in programming communities and collaborating with other developers.,3,90.0
94,Programming and Back End Development Resources,"Resources for developing programming and back end skills, including programming languages ​​and software architecture.",1,
95,Introduction to programming,"Introductory guides for beginners in programming, covering basic concepts and techniques.",2,94.0
96,Resources for children,Resources and tutorials to learn programming from a young age.,3,95.0
97,Good places to start,Suggested resources and platforms to start learning programming.,3,95.0
98,Useful Back End Tools,"Essential tools for back end development, including text editors, version control and file management.",2,94.0
99,Text editors and IDEs,Recommendations for the best text editors and integrated development environments (IDEs) for the back end.,3,98.0
100,Version control and GIT,Resources for managing source code in back end projects using GIT and other versioning systems.,3,98.0
101,File transfer and FTP,Detailed guidelines for efficient and secure file transfer using the FTP protocol in back end projects.,3,98.0
102,Free public APIs,Resources and examples for integrating and using free public APIs in back end application development.,3,98.0
103,Other Back End Tools and Resources,"A diverse collection of essential tools and resources for back-end developers, including libraries and frameworks.",3,98.0
104,Programming Theory and Computer Science,"Fundamental concepts and advanced theories in computer science and programming, essential for any developer.",2,94.0
105,Data structures,Learn about various data structures and their application in optimizing and streamlining programming code.,3,104.0
106,"Complexity, asymptotic notation and Big O",Explanations and resources for understanding algorithmic complexity and Big O notation essential for performance evaluation.,3,104.0
107,Common algorithms,"Implementation and analysis of the most used algorithms in software development, for solving common problems.",3,104.0
108,Manipulation of strings,Techniques and practices for efficient manipulation and processing of strings in various programming languages.,3,104.0
109,Binary operators,"Resources for understanding and applying binary operators in programming, essential for bitwise operations.",3,104.0
110,Real numbers and floating point,Guidelines for handling and using real and floating point numbers in software applications.,3,104.0
111,Character encoding,Learn different character encoding methods and their application in developing internationally compatible applications.,3,104.0
112,UML diagrams,Create and use UML diagrams to model and visualize the architecture of complex software systems.,3,104.0
113,Design patterns,Detailed resources for learning and applying design patterns in effective software development.,3,104.0
115,Search trees,Implementation and use of search trees to optimize search and sort processes in programming.,3,104.0
116,Systems design,"Advanced techniques for designing and architecting large and complex software systems, ensuring scalability and reliability.",3,104.0
117,Database,"Guidelines and resources for designing, implementing, and managing relational and non-relational databases.",3,104.0
118,Networking,Fundamental concepts and advanced networking practices essential to developing and maintaining computer networks.,3,104.0
119,Security,"Resources for protecting applications and data, including security practices and tools for identifying vulnerabilities.",3,104.0
120,How computers work,"Understanding how computers work, from hardware to software, for a solid foundation in programming.",3,104.0
121,Processes and Threads,"Guidelines for managing processes and threads in programming, ensuring efficient execution of applications.",3,104.0
122,Mathematics needed for programming,"Resources and guides for learning applied programming mathematics, essential for developing complex algorithms and applications.",2,94.0
123,Linear algebra,Details and examples for applying algorithms and data structures to solving programming problems.,3,122.0
124,Differential calculus,Advanced resources for designing and developing scalable and efficient software architectures.,3,122.0
125,Graph theory,Detailed guidelines for using design patterns in creating robust and maintainable software.,3,122.0
636,Descriptive statistics,,3,122.0
637,Inferential statistics,,3,122.0
638,Probability theory,,3,122.0
640,Predictive modeling,,3,122.0
641,Regression and classification,,3,122.0
642,Time series,,3,122.0
129,Algorithms and data structures,Resources for learning and applying event sourcing to application state management.,2,94.0
130,assortment,Exploring the various architectural patterns used in scalable and performant software development.,3,129.0
131,Searches,Guidelines for using message brokers in communicating and coordinating distributed application components.,3,129.0
132,Advanced data structures,Resources for using containerization and virtualization technologies in application development and management.,3,129.0
136,Software design and architecture,Guidelines for using Node.js in developing high performance and scalable back end applications.,2,94.0
137,Design patterns,Resources for learning and using the PHP language in developing dynamic web applications.,3,136.0
138,Domain driven design,Guides and tutorials for learning Python and applying it to various software projects.,3,136.0
139,Test driven development,Resources for learning and using the Java language in developing robust and scalable applications.,3,136.0
140,CQRS,"Guides for learning C and C++, including effective programming practices and applications.",3,136.0
141,Event sourcing,,3,136.0
142,Architectural models,,3,136.0
143,Message brokers,,3,136.0
144,Containerization and virtualization,,3,136.0
145,Servers and clients,,3,136.0
146,Scalability,,3,136.0
147,Programming languages,,2,94.0
148,Node.js,,3,147.0
149,PHP,,3,147.0
150,Python,,3,147.0
151,Java,,3,147.0
152,C/C++,,3,147.0
153,C# / ASP.NET,,3,147.0
154,Rust,,3,147.0
155,GoLang,,3,147.0
156,Haskell,,3,147.0
157,OCaml,,3,147.0
158,Prologue,,3,147.0
159,Forth,,3,147.0
160,Erlang,,3,147.0
161,R,,3,147.0
162,Rails,,3,147.0
163,Kotlin,,3,147.0
164,Bash,,3,147.0
165,PowerShell,,3,147.0
166,Other programming languages,,3,147.0
167,SQL (Relational Databases),,2,94.0
168,"Introduction to SQL, DDL and DML",,3,167.0
169,MySQL,,3,167.0
170,PostgreSQL,,3,167.0
171,SQLite,,3,167.0
172,Microsoft SQL Server,,3,167.0
173,Oracle,,3,167.0
174,IBM Db2,,3,167.0
175,MariaDB,,3,167.0
176,Other SQL databases,,3,167.0
177,Advanced SQL optimizations and techniques,,3,167.0
178,NoSQL (Non-Relational Databases),,2,94.0
179,Introduction to NoSQL,,3,178.0
180,MongoDB / CouchDB (Document DBs),,3,178.0
181,Redis / DynamoDB (Key-Value),,3,178.0
182,Firebase / Supabase / RethinkDB (Realtime),,3,178.0
183,ElasticSearch / Splunk (Search),,3,178.0
184,Apache Cassandra / HBase (Column DBs),,3,178.0
185,InfluxDB / TimeScale (Time series),,3,178.0
186,Other NoSQL databases,,3,178.0
187,Advanced NoSQL optimizations and techniques,,3,178.0
188,OOP (Object Oriented Programming),,2,94.0
189,Basic OOP principles,,3,188.0
190,Design patterns in OOP,,3,188.0
191,Examples of OOP,,3,188.0
195,APIs,,2,94.0
196,Login,,3,195.0
197,change,,3,195.0
198,JSON,,3,195.0
199,SOAP,,3,195.0
200,gRPC / tRPC,,3,195.0
201,GraphQL,,3,195.0
202,Free public APIs,,3,195.0
203,Frameworks and Back End Systems,,2,94.0
204,WordPress,,3,203.0
205,Laravel,,3,203.0
206,.NET,,3,203.0
207,Ruby on Rails,,3,203.0
208,Express,,3,203.0
209,Other Back End frameworks,,3,203.0
573,Manual (MQA) and Automated (AQA) testing,,2,94.0
574,Fundamentals of testing,,3,573.0
575,Functional testing techniques,,3,573.0
576,Non-functional testing techniques,,3,573.0
577,Other testing techniques,,3,573.0
578,Front end automation,,3,573.0
579,Back end automation,,3,573.0
580,Mobile automation,,3,573.0
581,Monitoring and Logs,,3,573.0
582,Headless test techniques,,3,573.0
583,Integration into CI/CD systems,,3,573.0
210,DevOps (Development Operations),,2,94.0
211,Operating system terminal,,3,210.0
213,Related systems,,3,210.0
214,container,,3,210.0
215,Cloud providers,,3,210.0
616,Amazon Web Services (AWS),,3,210.0
617,Microsoft Azure,,3,210.0
618,Google Cloud Platform (GCP),,3,210.0
619,"Other Cloud platforms (IBM Cloud, Oracle Cloud)",,3,210.0
216,Networking and security protocols,,3,210.0
217,Serverless,,3,210.0
218,Infrastructural provision,,3,210.0
219,Configuration management,,3,210.0
220,Continuous Integration / Continuous Development,,3,210.0
221,Management of secrets,,3,210.0
222,Infrastructure management,,3,210.0
223,Monitoring software,,3,210.0
224,Log management,,3,210.0
225,Container orchestration,,3,210.0
226,Artifact management,,3,210.0
227,GitOps,,3,210.0
228,Other DevOps concepts and solutions,,3,210.0
229,Game Development,,2,94.0
230,Assets for games,,3,229.0
231,Mathematics needed for games,,3,229.0
232,Physics systems used in games,,3,229.0
233,Game development in Unity,,3,229.0
234,Game development in Unreal Engine,,3,229.0
235,Game development in Godot,,3,229.0
236,Native game development,,3,229.0
237,Other game development engines,,3,229.0
238,3D modeling,,3,229.0
239,Digital graphics and rendering for games,,3,229.0
240,Artificial Intelligence in games,,3,229.0
241,Networking and scalability in multiplayer games,,3,229.0
242,Game data storage,,3,229.0
243,Multithreading for games,,3,229.0
244,Other Resources for Game Development,,3,229.0
360,Principles of Game Design,,3,229.0
361,Creating game levels,,3,229.0
362,Game testing,,3,229.0
245,Native Mobile Development,,2,94.0
246,Components of mobile applications,,3,245.0
247,Interface and navigation in mobile applications,,3,245.0
248,Architecture and design patterns for mobile applications,,3,245.0
249,Data storage in mobile applications,,3,245.0
250,Mobile communication and synchronicity,,3,245.0
251,Native Application Services,,3,245.0
252,Other resources for native development,,3,245.0
253,Graphics and rendering engines,,2,94.0
356,Rendering algorithms,,3,253.0
357,Popular graphics engines,,3,253.0
254,OpenGL,,3,253.0
255,Vulkan,,3,253.0
256,DirectX,,3,253.0
257,Metal,,3,253.0
262,Blockchain & Crypto Development,,2,94.0
263,Blockchain Concepts,,3,262.0
264,EVM Blockchains,,3,262.0
265,L2 Blockchains,,3,262.0
266,Other Blockchains,,3,262.0
267,Oracles,,3,262.0
268,Smart Contracts,,3,262.0
269,Blockchain Security,,3,262.0
270,Decentralized applications,,3,262.0
271,Blockchain Scalability,,3,262.0
272,Operating systems,,2,94.0
273,Linux / Unix,,3,272.0
274,Windows,,3,272.0
275,macOS / iOS,,3,272.0
276,Android,,3,272.0
284,Data Science & Data Mining,,2,94.0
285,Python for Data Science,,3,284.0
286,R for Data Science,,3,284.0
287,Data analysis,,3,284.0
631,sheet,,3,284.0
632,Power BI,,3,284.0
633,Google Looker Studio (ex Google Data Studio),,3,284.0
634,D3.js,,3,284.0
291,Artificial Intelligence and Machine Learning,,2,94.0
292,Math,,3,291.0
293,Statistics,,3,291.0
294,Econometrics,,3,291.0
295,Programming languages,,3,291.0
296,Exploratory Data Analysis (EDA),,3,291.0
297,Machine Learning,,3,291.0
298,Deep Learning,,3,291.0
299,MLOps,,3,291.0
277,Low level hardware and programming,,2,94.0
278,Assembly,,3,277.0
279,MICROCONTROLLERS,,3,277.0
280,Embedded systems,,3,277.0
300,Back End Project Ideas,,2,94.0
301,Programming news and updates,,2,94.0
302,Article sites,,3,301.0
303,Newsletters,,3,301.0
304,community,,3,301.0
305,"Design, Graphics, Videography and Creativity Resources",Guidelines for creating visual identity and branding elements for companies and products.,1,
306,Design principles and aesthetics,,2,305.0
307,White space,,3,306.0
308,Contrast,,3,306.0
309,SIZE,,3,306.0
310,Alignment,,3,306.0
311,Visual hierarchy,,3,306.0
312,Measurement units,,3,306.0
313,Typography and typefaces,,2,305.0
314,Essential principles of typographic design,,3,313.0
315,Text arrangement,,3,313.0
316,Choice of fonts,,3,313.0
317,Layout and grid systems,,2,305.0
318,Basic grids,,3,317.0
319,Flexible layout,,3,317.0
320,Responsive grid systems,,3,317.0
321,Color theory,,2,305.0
322,The color wheel,,3,321.0
323,Color combinations,,3,321.0
324,The psychology of colors,,3,321.0
325,Branding and identity design,,2,305.0
326,Creating a logo,,3,325.0
327,Visual identity,,3,325.0
328,Brand guides,,3,325.0
329,Design of UI (User Interface) components,,2,305.0
330,Buttons and navigation,,3,329.0
331,Editorial design: Articles and content,,3,329.0
332,Forms and interactivity,,3,329.0
333,Visual artifacts,,3,329.0
334,UX (User Experience) Design,,2,305.0
335,Information architecture,,3,334.0
336,Wireframing and Prototyping,,3,334.0
337,Behavior and HCI (Human Computer Interaction),,3,334.0
338,Product & Business Model,,3,334.0
339,Best practices in UX,,3,334.0
340,Impact measurement and user testing,,3,334.0
341,Accessible design,,2,305.0
342,Contrast,,3,341.0
343,Sizes,,3,341.0
344,"Interaction Design, animations and special effects",,2,305.0
345,Animations,,3,344.0
346,Special effects,,3,344.0
347,"Illustration, infographics and graphic design",,2,305.0
348,Illustration techniques,,3,347.0
349,Creating infographics,,3,347.0
350,Digital graphic design,,3,347.0
351,Graphics and 3D Modeling,,2,305.0
352,3D modeling,,3,351.0
353,Texturing and lighting,,3,351.0
354,3D rendering,,3,351.0
363,Photography and photo editing,,2,305.0
364,Photography techniques,,3,363.0
365,Advanced photo editing,,3,363.0
366,Digital photo manipulation,,3,363.0
367,Videography and video editing,,2,305.0
368,Video shooting,,3,367.0
369,Video editing,,3,367.0
370,Special effects in video,,3,367.0
371,Design Systems and Design Thinking,,2,305.0
372,Creation of Design Systems,,3,371.0
373,Principles of Design Thinking,,3,371.0
374,Implementation of Design Systems,,3,371.0
375,Design resources,,2,305.0
376,Stock images and videos,,3,375.0
377,Font repositories,,3,375.0
378,ICON,,3,375.0
379,Vector graphics,,3,375.0
380,AI-powered creative tools,,3,375.0
381,Online Marketing Resources,"Guides, resources and tools to ensure your business success through online marketing tactics and strategies, from SEO to PPC and Growth Hacking.",1,
382,Introduction to Online Marketing,,2,381.0
383,Conversion and the buyer's journey,,3,382.0
384,Funnel vs flywheel,,3,382.0
385,UVP (Unique Value Proposition) / USP (Unique Selling Proposition),,3,382.0
386,ROI (Return on Investment) / CRO (Conversion Rate Optimization),,3,382.0
387,Market research and competitor analysis,,2,381.0
388,Business analysis,,3,387.0
389,"Behaviors, personas and target market",,3,387.0
390,Competition and analysis tools,,3,387.0
392,"Creating, auditing and optimizing your website",,2,381.0
393,Website creation,,3,392.0
394,Auditing the site,,3,392.0
395,Performance optimization,,3,392.0
396,UX/UI optimization,,3,392.0
397,"Copywriting, Content Writing & Content Marketing",,2,381.0
398,Principles of copywriting,,3,397.0
399,Content writing techniques,,3,397.0
400,Content strategy,,3,397.0
401,Distribution and promotion of content,,3,397.0
402,SEO (Search Engine Optimization),,2,381.0
403,Introduction to SEO,,3,402.0
404,Search engines and how they work,,3,402.0
405,Keyword research,,3,402.0
406,On-page SEO,,3,402.0
407,Link building,,3,402.0
408,Technical SEO,,3,402.0
409,Content marketing,,3,402.0
410,SEO tools,,3,402.0
411,PPC (Pay Per Click Advertising),,2,381.0
412,Introduction to PPC,,3,411.0
413,Google Ads,,3,411.0
414,Bing Ads,,3,411.0
415,Yandex Ads,,3,411.0
416,Facebook / Instagram Ads,,3,411.0
417,TikTok Ads,,3,411.0
418,LinkedIn Ads,,3,411.0
419,X / Twitter Ads,,3,411.0
420,Pinterest Ads,,3,411.0
421,Reddit Ads,,3,411.0
422,Retargeting,,3,411.0
423,Display Advertising and image campaigns,,2,381.0
424,Principles of display advertising,,3,423.0
425,Banner creation techniques,,3,423.0
426,Image campaign strategies,,3,423.0
427,Social Media Marketing,,2,381.0
428,Introduction to SMM,,3,427.0
429,YouTube,,3,427.0
430,TikTok,,3,427.0
431,Facebook,,3,427.0
432,Instagram,,3,427.0
433,X / Twitter,,3,427.0
434,LinkedIn,,3,427.0
435,Reddit,,3,427.0
436,Pinterest,,3,427.0
437,Quora,,3,427.0
438,Mastodon,,3,427.0
439,Influencer Marketing,,2,381.0
440,Identifying influencers,,3,439.0
441,Collaboration with influencers,,3,439.0
442,Measuring impact,,3,439.0
443,Referral & Affiliate Marketing,,2,381.0
444,Principles of referral marketing,,3,443.0
445,Affiliate marketing techniques,,3,443.0
446,Management tools,,3,443.0
447,Email & Permission Marketing,,2,381.0
448,Creating email lists,,3,447.0
449,Audience segmentation,,3,447.0
450,Email marketing techniques,,3,447.0
451,Automation of campaigns,,3,447.0
452,Marketplace & Mobile App Marketing,,2,381.0
453,Marketing on marketplaces,,3,452.0
454,Promotion of mobile applications,,3,452.0
455,App store optimization,,3,452.0
456,B2B Marketing,,2,381.0
457,B2B marketing strategies,,3,456.0
458,Lead generation / DemandGen,,3,456.0
459,Nurturing campaigns,,3,456.0
460,"AI, automation and emerging technology in marketing",,2,381.0
461,Using AI in Marketing,,3,460.0
462,Automation of marketing processes,,3,460.0
463,Emerging technologies,,3,460.0
464,Marketing tactics for eCommerce,,2,381.0
465,eCommerce platforms,,3,464.0
466,eCommerce features,,3,464.0
467,Shopping marketplaces,,3,464.0
468,Price comparisons,,3,464.0
469,SaaS Marketing Tactics,,2,381.0
608,Strategies and Tactics for Software as a Service,,3,469.0
470,Business reviews,,3,469.0
471,Developing customer relationships,,3,469.0
472,Brick & mortar marketing tactics,,2,381.0
473,Google Maps & Google My Business,,3,472.0
474,TripAdvisor,,3,472.0
475,Business strategy,,2,381.0
476,Business strategy and tactics,,3,475.0
477,How to set prices,,3,475.0
478,Product-Market-Pricing fit,,3,475.0
479,Internationalization,,3,475.0
480,Growth hacking,,2,381.0
481,Acquisition and inbound traffic channels,,3,480.0
482,Traffic qualification,,3,480.0
483,A/B Testing and experimentation,,3,480.0
484,CRO and optimization of landing pages,,3,480.0
485,"Onboarding, retention, repeat business",,3,480.0
607,Product-led Growth,,3,480.0
486,KPIs and measurement,,3,480.0
487,Networking & Cyber ​​Security Resources,Resources for learning and applying networking and cybersecurity concepts.,1,
488,"Introduction to IT, Networking and Security",,2,487.0
489,History of IT,,3,488.0
490,The basics of networking,,3,488.0
491,Security principles,,3,488.0
492,Legality and Ethics in Security,,3,488.0
493,Networking,,2,487.0
494,Network devices,,3,493.0
495,Network services and applications,,3,493.0
496,DHCP,,3,493.0
497,DNS,,3,493.0
498,Network Address Translation,,3,493.0
499,WAN,,3,493.0
500,Cabling,,3,493.0
501,Network topologies,,3,493.0
502,Infrastructure,,3,493.0
503,Protocols: IPv4 vs IPv6,,3,493.0
504,Routing,,3,493.0
505,Subnetting,,3,493.0
506,Virtualization,,3,493.0
507,Implementation,,3,493.0
508,Monitoring and forensics,,3,493.0
509,Configuration,,3,493.0
510,Login,,3,493.0
511,Troubleshooting,,3,493.0
512,Operating systems,,2,487.0
513,Linux / Unix,,3,512.0
514,Windows,,3,512.0
515,macOS / iOS,,3,512.0
516,Android,,3,512.0
517,Cyber ​​security,,2,487.0
518,Cryptography,,3,517.0
519,Vulnerabilities,,3,517.0
520,Incident response & discovery,,3,517.0
521,Threat classification,,3,517.0
522,Management of protocols,,3,517.0
523,Log management,,3,517.0
524,Network attacks,,3,517.0
525,Application attacks,,3,517.0
526,Attacks on people,,3,517.0
527,Hardening,,3,517.0
528,Security tools,,3,517.0
529,CERTIFICATION,,3,517.0
530,Security in the Cloud,,2,487.0
531,Cloud Security Basics,,3,530.0
532,Security for Amazon Web Services,,3,530.0
533,Security for Google Cloud,,3,530.0
534,Security for Azure,,3,530.0
535,Security for private clouds,,3,530.0
536,Security for other cloud systems,,3,530.0
544,Management Resources,Guidelines for using headless testing techniques in software projects.,1,
545,"Workflow, SCRUM and Project Management",,2,544.0
546,Agile methodologies,,3,545.0
547,Project management tools,,3,545.0
548,Resources management,,3,545.0
549,Management & Leadership,,2,544.0
550,Developing leadership skills,,3,549.0
551,Team management,,3,549.0
552,Management of change,,3,549.0
553,Product Management,,2,544.0
554,Product life cycle,,3,553.0
555,Planning and roadmap,,3,553.0
556,Prioritization techniques,,3,553.0
557,Entrepreneurship and startups,,2,544.0
558,Introduction to entrepreneurship,,3,557.0
559,Product-market fit,,3,557.0
560,Tips for recruiters,,2,544.0
561,Recruitment techniques,,3,560.0
562,Evaluation of candidates,,3,560.0
563,Onboarding,,3,560.0
564,Other digital resources,Resources to optimize the hiring process and improve the chances of success.,1,
565,How to get hired more easily,,2,564.0
566,CV writing,,3,565.0
567,Preparing for the interview,,3,565.0
568,Professional networking,,3,565.0
569,Freelancing,,2,564.0
570,How to find customers,,3,569.0
571,Project management,,3,569.0
572,Pricing,,3,569.0
584,Science and technology,,2,564.0
585,Recent scientific discoveries,,3,584.0
586,Technological innovations,,3,584.0
587,Trends in technology,,3,584.0
588,English language,,2,564.0
589,Learning English - Basics,,3,588.0
590,Communication practices,,3,588.0
591,Resources for practice,,3,588.0
592,General and life advice,,2,564.0
593,Time management,,3,592.0
594,Productivity techniques,,3,592.0
595,Tips for mental health,,3,592.0
596,Verbal and non-verbal communication,,3,565.0
597,Presentations and public speaking,,3,565.0
598,Negotiation and influence,,3,565.0
599,Collaboration and cooperation,,3,569.0
600,Conflict management,,3,569.0
601,Teambuilding and team spirit,,3,569.0
602,Critical thinking techniques,,3,592.0
603,Problem solving methodologies,,3,592.0
604,Data-driven decisions,,3,592.0
606,Prioritization and planning,,3,592.0
