id,title_en,description_en,taxonomy_type_id,parent_id
1,Front End Development Resources,"Tools and guides for developing front end skills: HTML, CSS, JavaScript, and modern frameworks.",1,
2,Introduction to Front End,"Learn the basics of front end development with HTML, CSS, and JavaScript tutorials.",2,1.0
3,Useful Front End Tools,"The best tools for streamlining front-end work: editors, plugins and version control.",2,1.0
4,Browsers and plugins,Guides to using essential browsers and plugins in front end development.,3,3.0
5,Text editors and IDEs,Recommendations for the best text editors and IDEs for front end developers.,3,3.0
