,id,url,error_message,timestamp
0,164,https://99designs.com/blog/web-digital/website-usability-principles/,Request failed with status code 403 | 403 Forbidden,2024-07-21T19:37:58.340Z
1,2,https://adam.chlipala.net/cpdt/,connect ECONNREFUSED 97.107.142.198:443 | connect ECONNREFUSED 97.107.142.198:443 | Failed after 3 attempts,2024-07-21T19:28:53.711Z
2,184,https://af79471c-693e-43f9-840b-9b70f48aaec8.filesusr.com/ugd/defd98\_ca5a028ffb76428e92d6b99b453bbcf2.pdf,Request failed with status code 403 | 403 Forbidden,2024-07-21T19:38:56.292Z
3,208,https://app.buzzsumo.com/content/web,Request failed with status code 401,2024-07-21T19:40:03.486Z
4,9,https://apps.workflower.fi/vocabs/css/en,connect ECONNREFUSED 198.211.127.181:443 | connect ECONNREFUSED 198.211.127.181:443 | connect ECONNREFUSED 198.211.127.181:443 | Failed after 3 attempts,2024-07-21T19:29:16.866Z
5,225,https://atelierul.digital/,getaddrinfo ENOTFOUND atelierul.digital | ENOTFOUND - Domain not found,2024-07-21T19:40:54.889Z
6,253,https://blog.stephenmarz.com/2021/02/22/writing-pong-in-rust/,Request failed with status code 406,2024-07-21T19:42:10.982Z
7,260,https://books.google.ro/books/about/Mastering\_Bitcoin.html?id=tponDwAAQBAJ\&printsec=frontcover\&source=kp\_read\_button\&hl=en\&redir\_esc=y\#v=onepage\&q\&f=false,Request failed with status code 404 | 404 Not Found,2024-07-21T19:42:29.919Z
8,261,https://boris-marinov.github.io/category-theory-illustrated/,Request failed with status code 404 | 404 Not Found,2024-07-21T19:42:32.234Z
9,265,https://browsershots.org/,Request failed with status code 521,2024-07-21T19:42:42.558Z
10,280,"https://chrome.google.com/webstore/detail/dom-monster/hlimphkgopfdlelabkioalhfjfblnclk\#:\~:text=DOM%20Monster%20is%20a%20bookmarklet,you%20its%20bill%20of%20health.\&text=DOM%20Monster%20is%20a%20cross,you%20its%20bill%20of%20health.",Request failed with status code 404 | 404 Not Found,2024-07-21T19:43:22.481Z
11,20,https://codepen.io/honglio/pen/FKyxG,Request failed with status code 403 | 403 Forbidden,2024-07-21T19:29:54.634Z
12,21,https://coding-geek.com/how-databases-work/,Request failed with status code 522 | 522 Connection Timed Out,2024-07-21T19:30:36.159Z
13,23,https://conqueringthecommandline.com/book,getaddrinfo ENOTFOUND conqueringthecommandline.com | ENOTFOUND - Domain not found,2024-07-21T19:30:41.416Z
14,325,https://courses.csail.mit.edu/6.042/spring17/mcs.pdf,Request failed with status code 500,2024-07-21T19:45:45.646Z
15,326,https://courses.learnvue.co/p/build-along-vue3-time-blocking-app/,Request failed with status code 403 | 403 Forbidden,2024-07-21T19:45:48.131Z
16,334,https://creativemarket.com/blog/10-design-ted-talks-you-should-watch,Request failed with status code 403 | 403 Forbidden,2024-07-21T19:46:08.922Z
17,26,https://csgordon.github.io/books.html,Request failed with status code 404 | 404 Not Found,2024-07-21T19:30:54.931Z
18,363,https://cursuri-it.ejobs.ro/,Request failed with status code 500,2024-07-21T19:47:26.571Z
19,364,https://cursuri-it.ejobs.ro/cursuri/tester/tester-qa/,Request failed with status code 500,2024-07-21T19:47:28.622Z
20,365,https://cxl.com/playbooks/,Request failed with status code 403 | 403 Forbidden,2024-07-21T19:47:31.157Z
21,395,https://developer.mozilla.org/en-US/docs/Learn/Front-end\_web\_developer,Request failed with status code 404 | 404 Not Found,2024-07-21T19:48:48.813Z
22,396,https://developer.mozilla.org/en-US/docs/Learn/HTML/Multimedia\_and\_embedding/Responsive\_images,Request failed with status code 404 | 404 Not Found,2024-07-21T19:48:51.148Z
23,32,https://diveintohtml5.info/table-of-contents.html,getaddrinfo ENOTFOUND diveintohtml5.info | ENOTFOUND - Domain not found,2024-07-21T19:31:09.482Z
24,429,https://docs.google.com/document/d/19QmYipgc6WxRrdzobVvItHTnJpG9mx7\_K1GTBhIbiEY/edit?usp=sharing,Request failed with status code 404 | 404 Not Found,2024-07-21T19:50:23.559Z
25,432,https://docs.oracle.com/cd/E19957-01/806-3568/ncg\_goldberg.html,Request failed with status code 404 | 404 Not Found,2024-07-21T19:50:31.291Z
26,461,https://en.m.wikipedia.org/wiki/List\_of\_algorithms,Request failed with status code 404 | 404 Not Found,2024-07-21T19:51:51.035Z
27,462,https://en.m.wikipedia.org/wiki/List\_of\_data\_structures,Request failed with status code 404 | 404 Not Found,2024-07-21T19:51:53.829Z
28,465,https://en.wikipedia.org/wiki/Comparison\_of\_web\_template\_engines,Request failed with status code 404 | 404 Not Found,2024-07-21T19:52:01.274Z
29,466,https://en.wikipedia.org/wiki/First-order\_logic,Request failed with status code 404 | 404 Not Found,2024-07-21T19:52:03.909Z
30,37,https://euclid.trentu.ca/math/sb/pcml/pcml-16.pdf,connect ECONNREFUSED 209.42.114.68:443 | connect ECONNREFUSED 209.42.114.68:443 | connect ECONNREFUSED 209.42.114.68:443 | Failed after 3 attempts,2024-07-21T19:31:26.459Z
31,467,https://event.2performant.com/events/click?ad\_type=quicklink\&aff\_code=304c4ab32\&unique=7b88fe442\&redirect\_to=https%253A//www.books-express.ro/influence-new-and-expanded/p/vsc%252C9780062937650,Request failed with status code 400,2024-07-21T19:52:05.994Z
32,468,https://event.2performant.com/events/click?ad\_type=quicklink\&aff\_code=304c4ab32\&unique=7b88fe442\&redirect\_to=https%253A//www.books-express.ro/ogilvy-d-ogilvy-on-advertising/p/kjsa%252C9781853756153,Request failed with status code 400,2024-07-21T19:52:08.068Z
33,478,https://fifty.user-interface.io/50\_ui\_tips.pdf,Request failed with status code 404 | 404 Not Found,2024-07-21T19:52:32.759Z
34,480,https://filezilla-project.org/download.php?type=client,Request failed with status code 403 | 403 Forbidden,2024-07-21T19:52:37.300Z
35,498,https://freecarrierlookup.com/,Request failed with status code 403 | 403 Forbidden,2024-07-21T19:53:23.670Z
36,530,https://github.com/JeckyOH/e-books-oh/blob/master/%5BAddison-Wesley%20Professional%5D%20TCP%20IP%20Illustrated%20Volume%202%20The%20Implementation.pdf,Request failed with status code 451,2024-07-21T19:54:50.047Z
37,547,https://github.com/cjbt/Free-Algorithm-Books/tree/master,Request failed with status code 451,2024-07-21T19:55:36.757Z
38,576,https://github.com/lefticus/cpp\_starter\_project,Request failed with status code 404 | 404 Not Found,2024-07-21T19:56:56.110Z
39,582,https://github.com/mariusciurea/python\_challenge,Request failed with status code 404 | 404 Not Found,2024-07-21T19:57:14.806Z
40,599,https://github.com/salem53/OCP-JAVA-11/blob/master/OCP%20Oracle%20Certified%20Professional%20Java%20SE%2011%20Developer%20Complete%20Study%20Guide%20Exam%201Z0-815%2C%20Exam%201Z0-816%20and%20Exam%201Z0-817%20by%20Jeanne%20Boyarsky%2C%20Scott%20Selikoff%20(z-lib.org,Request failed with status code 404 | 404 Not Found,2024-07-21T19:58:02.882Z
41,633,https://golang.org/doc/effective\_go,Request failed with status code 404 | 404 Not Found,2024-07-21T19:59:37.915Z
42,644,https://guides.rubyonrails.org/getting\_started.html,Request failed with status code 404 | 404 Not Found,2024-07-21T20:00:06.525Z
43,655,https://helpx.adobe.com/ro/premiere-pro/view-all-tutorials.html,read ECONNRESET | read ECONNRESET | read ECONNRESET | Failed after 3 attempts,2024-07-21T20:01:46.215Z
44,674,https://infoarena.ro/,Request failed with status code 404 | 404 Not Found,2024-07-21T20:06:00.082Z
45,675,https://infoarena.ro/arhiva-educationala,Request failed with status code 404 | 404 Not Found,2024-07-21T20:07:03.490Z
46,676,https://infoarena.ro/downloads,Request failed with status code 404 | 404 Not Found,2024-07-21T20:08:07.212Z
47,707,https://khan.github.io/tota11y/,Request failed with status code 404 | 404 Not Found,2024-07-21T20:09:46.571Z
48,711,https://lab.github.com/githubtraining/introduction-to-github,Request failed with status code 404 | 404 Not Found,2024-07-21T20:09:56.211Z
49,716,https://laracasts.com/,Request failed with status code 403 | 403 Forbidden,2024-07-21T20:10:09.153Z
50,717,https://laracasts.com/series/learn-vue-2-step-by-step,Request failed with status code 403 | 403 Forbidden,2024-07-21T20:10:11.187Z
51,723,https://layoutflow.com/,Request failed with status code 406,2024-07-21T20:10:28.469Z
52,742,https://learnopengl.com/,Request failed with status code 406,2024-07-21T20:11:28.067Z
53,749,https://leetcode.com/,Request failed with status code 403 | 403 Forbidden,2024-07-21T20:11:44.979Z
54,750,https://leetcode.com/discuss/general-discussion/460599/blind-75-leetcode-questions,Request failed with status code 403 | 403 Forbidden,2024-07-21T20:11:47.044Z
55,767,https://machinelearningmastery.com/,Request failed with status code 403 | 403 Forbidden,2024-07-21T20:12:32.700Z
56,57,https://madwomb.com/tutorials/GameDesign\_Tufts.html,Request failed with status code 404 | 404 Not Found,2024-07-21T19:32:25.643Z
57,781,https://media.defense.gov/2021/Aug/03/2002820425/-1/-1/0/CTR\_Kubernetes\_Hardening\_Guidance\_1.1\_20220315.PDF,Request failed with status code 404 | 404 Not Found,2024-07-21T20:13:08.251Z
58,789,https://miro.com/app/board/o9J\_ktZHnRA=/,Request failed with status code 404 | 404 Not Found,2024-07-21T20:13:31.544Z
59,795,https://mobbin.design/browse/ios/apps,Request failed with status code 403 | 403 Forbidden,2024-07-21T20:13:47.059Z
60,797,https://modernc.gforge.inria.fr/,connect ETIMEDOUT 128.93.162.203:8443 | connect ETIMEDOUT 128.93.162.203:8443 | connect ETIMEDOUT 128.93.162.203:8443 | Failed after 3 attempts,2024-07-21T20:14:12.866Z
61,809,https://neilpatel.com/ubersuggest/,Request failed with status code 403 | 403 Forbidden,2024-07-21T20:15:30.172Z
62,843,https://open.appacademy.io/,getaddrinfo ENOTFOUND open.appacademy.io | ENOTFOUND - Domain not found,2024-07-21T20:17:00.105Z
63,848,https://osblog.stephenmarz.com/,Request failed with status code 406,2024-07-21T20:17:13.525Z
64,851,https://ourway.keybase.pub/mathematics\_cheat\_sheet.pdf,getaddrinfo ENOTFOUND ourway.keybase.pub | ENOTFOUND - Domain not found,2024-07-21T20:17:20.955Z
65,862,https://pauljerimy.com/it-career-roadmap/,Request failed with status code 406,2024-07-21T20:17:49.277Z
66,863,https://pauljerimy.com/security-certification-roadmap/,Request failed with status code 406,2024-07-21T20:17:52.941Z
67,905,https://programming-idioms.org/about\#about-block-all-idioms,Request failed with status code 404 | 404 Not Found,2024-07-21T20:19:49.808Z
68,909,https://qmo.io/blog/ultimate-guide-to-api-design,socket hang up | socket hang up | socket hang up | Failed after 3 attempts,2024-07-21T20:20:02.081Z
69,64,https://railscasts.com/,connect ECONNREFUSED 192.155.88.247:443 | connect ECONNREFUSED 192.155.88.247:443 | connect ECONNREFUSED 192.155.88.247:443 | Failed after 3 attempts,2024-07-21T19:32:45.808Z
70,914,https://realfavicongenerator.net/favicon\_checker,Request failed with status code 404 | 404 Not Found,2024-07-21T20:20:19.718Z
71,919,https://refocus.me/ph/,Request failed with status code 403 | 403 Forbidden,2024-07-21T20:20:31.914Z
72,959,https://seesparkbox.com/foundry/13\_wcag\_2.1\_web\_accessibility\_guidelines,Request failed with status code 404 | 404 Not Found,2024-07-21T20:22:19.613Z
73,972,https://software.imdea.org/Conferences/CICLOPS2017/files/tarau\_ciclops17.pdf,Request failed with status code 404 | 404 Not Found,2024-07-21T20:22:55.640Z
74,987,https://start.bitwarden.com/hubfs/The%20Hacker%E2%80%99s%20Guide%20to%20Securing%20Your%20Organization\_V2.pdf,Request failed with status code 404 | 404 Not Found,2024-07-21T20:23:37.896Z
75,989,https://static.googleusercontent.com/media/fonts.google.com/en//knowledge/stop\_stealing\_sheep.pdf,Request failed with status code 404 | 404 Not Found,2024-07-21T20:23:46.693Z
76,75,https://tryqa.com/istqb-dumps-download-mock-tests-and-sample-question-papers/,Request failed with status code 406,2024-07-21T19:33:25.117Z
77,1057,https://tutorialehtml.com/ro/introducere-in-html/,Request failed with status code 500,2024-07-21T20:27:03.162Z
78,77,https://uiaccess.com/JustAsk/index.html,connect ECONNREFUSED 66.39.109.5:443 | connect ECONNREFUSED 66.39.109.5:443 | connect ECONNREFUSED 66.39.109.5:443 | Failed after 3 attempts,2024-07-21T19:33:32.777Z
79,78,https://usability.com.au/,Request failed with status code 406,2024-07-21T19:33:44.745Z
80,1119,https://vimeo.com/30073532,Request failed with status code 429,2024-07-21T20:29:52.813Z
81,83,https://webdam.inria.fr/Alice/,Request failed with status code 404 | 404 Not Found,2024-07-21T19:33:56.664Z
82,1144,https://webhint.io/scanner/,Request failed with status code 404 | 404 Not Found,2024-07-21T20:31:21.053Z
83,1150,https://wiki.haskell.org/H-99:\_Ninety-Nine\_Haskell\_Problems,Request failed with status code 404 | 404 Not Found,2024-07-21T20:31:37.600Z
84,1151,https://wiki.osdev.org/Expanded\_Main\_Page,Request failed with status code 404 | 404 Not Found,2024-07-21T20:31:40.032Z
85,1165,https://www.allaboutcircuits.com/textbook/,Request failed with status code 403 | 403 Forbidden,2024-07-21T20:32:15.611Z
86,1178,https://www.analog.com/en/education/education-library/scientist\_engineers\_guide.html,Request failed with status code 404 | 404 Not Found,2024-07-21T20:33:14.124Z
87,1182,https://www.baeldung.com/,Request failed with status code 403 | 403 Forbidden,2024-07-21T20:33:23.813Z
88,1183,https://www.baeldung.com/java-collections,Request failed with status code 403 | 403 Forbidden,2024-07-21T20:33:25.871Z
89,1184,https://www.baeldung.com/java-streams,Request failed with status code 403 | 403 Forbidden,2024-07-21T20:33:27.903Z
90,1185,https://www.baeldung.com/java-tutorial,Request failed with status code 403 | 403 Forbidden,2024-07-21T20:33:29.945Z
91,1195,https://www.britishcouncil.ro/engleza/invata-online/gratis,read ECONNRESET | read ECONNRESET | read ECONNRESET | Failed after 3 attempts,2024-07-21T20:35:06.953Z
92,86,https://www.brokenthorn.com/Resources/OSDevIndex.html,Request failed with status code 404 | 404 Not Found,2024-07-21T19:34:04.717Z
93,1247,https://www.cyberseclabs.co.uk/,Request failed with status code 410,2024-07-21T20:40:16.137Z
94,1248,https://www.cybrary.it/info/freeittraining/,Request failed with status code 404 | 404 Not Found,2024-07-21T20:40:19.002Z
95,1249,https://www.dannicula.ro/books/electronica\_digitala/book\_ed1.pdf,Request failed with status code 404 | 404 Not Found,2024-07-21T20:40:21.163Z
96,1252,https://www.datacamp.com/,Request failed with status code 403 | 403 Forbidden,2024-07-21T20:40:30.251Z
97,1253,https://www.datacamp.com/learn/sql,Request failed with status code 403 | 403 Forbidden,2024-07-21T20:40:32.298Z
98,1259,https://www.digitalocean.com/community/tutorial\_series/how-to-code-in-javascript,Request failed with status code 404 | 404 Not Found,2024-07-21T20:40:48.651Z
99,1269,https://www.dropbox.com/s/oif8f5foarnulj5/humbleBundle-Devops.zip?dl=1,maxContentLength size of 104857600 exceeded | maxContentLength size of 104857600 exceeded | maxContentLength size of 104857600 exceeded | Failed after 3 attempts,2024-07-21T20:41:26.188Z
100,97,https://www.dungeonsanddevelopers.com/,read ECONNRESET | read ECONNRESET | read ECONNRESET | Failed after 3 attempts,2024-07-21T19:34:32.915Z
101,1292,https://www.figma.com/community/file/1114720838108123725,Request failed with status code 403 | 403 Forbidden,2024-07-21T20:43:30.499Z
102,1293,https://www.figma.com/community/file/769694576496801916,Request failed with status code 403 | 403 Forbidden,2024-07-21T20:43:32.595Z
103,1312,https://www.frontendcheatsheets.com/javascript ,connect ETIMEDOUT 173.245.75.206:443 | connect ETIMEDOUT 173.245.75.206:443 | connect ETIMEDOUT 173.245.75.206:443 | Failed after 3 attempts,2024-07-21T20:44:45.718Z
104,1317,https://www.futurelearn.com/subjects/business-and-management-courses/marketing/digital-marketing,Request failed with status code 403 | 403 Forbidden,2024-07-21T20:45:44.795Z
105,1325,https://www.goodreads.com/book/show/112252.Types\_and\_Programming\_Languages,Request failed with status code 404 | 404 Not Found,2024-07-21T20:46:11.627Z
106,1331,https://www.goodreads.com/book/show/840.The\_Design\_of\_Everyday\_Things,Request failed with status code 404 | 404 Not Found,2024-07-21T20:46:40.241Z
107,108,https://www.icce.rug.nl/documents/cplusplus/,Request failed with status code 404 | 404 Not Found,2024-07-21T19:35:08.461Z
108,1358,https://www.infoarena.ro/arhiva-educationala,Request failed with status code 404 | 404 Not Found,2024-07-21T20:49:29.993Z
109,1359,https://www.infoarena.ro/links,Request failed with status code 404 | 404 Not Found,2024-07-21T20:50:33.723Z
110,1367,https://www.isi.edu/\~hussain/TEACH/Spring2014/notes/Steven00a.pdf,Request failed with status code 404 | 404 Not Found,2024-07-21T20:50:59.014Z
111,1369,https://www.istqb.org/certification-path-root/foundation-level-2018.html,Request failed with status code 404 | 404 Not Found,2024-07-21T20:51:03.888Z
112,1371,https://www.javascripttutorial.net/,Request failed with status code 406,2024-07-21T20:51:10.384Z
113,1387,https://www.layoutgridcalculator.com/typographic-scale/,Request failed with status code 406,2024-07-21T20:52:10.445Z
114,1413,https://www.linkedin.com/learning/paths/become-an-online-marketing-manager,Request failed with status code 404 | 404 Not Found,2024-07-21T20:53:29.647Z
115,1417,https://www.linkedin.com/posts/rocky-bhatia-a4801010\_cloud-devops-kubernetes-activity-7074233926705119232-FIPo/,Request failed with status code 404 | 404 Not Found,2024-07-21T20:53:39.667Z
116,1418,https://www.linkedin.com/posts/shlomogenchin\_18-books-that-have-helped-me-become-a-better-activity-7123229056208150529-VdgF/,Request failed with status code 404 | 404 Not Found,2024-07-21T20:53:42.144Z
117,1419,https://www.linkedin.com/posts/vitalyfriedman\_ui-design-activity-7074644381244215296-D5WZ/,Request failed with status code 404 | 404 Not Found,2024-07-21T20:53:44.756Z
118,1420,https://www.linkedin.com/posts/vitalyfriedman\_ux-design-accessibility-activity-7096750363969511426-BzEE/,Request failed with status code 404 | 404 Not Found,2024-07-21T20:53:47.280Z
119,1427,https://www.mathpages.com/,Request failed with status code 406,2024-07-21T20:54:10.045Z
120,115,https://www.minimamente.com/example/magic\_animations/,Request failed with status code 404 | 404 Not Found,2024-07-21T19:35:27.513Z
121,1449,https://www.netacad.com/courses/os-it/get-connected,Request failed with status code 504,2024-07-21T20:55:12.258Z
122,1452,https://www.netacad.com/node/1278,Request failed with status code 403 | 403 Forbidden,2024-07-21T20:55:20.245Z
123,1469,https://www.palantir.net/blog/re-thinking-breakpoints-responsive-design,Request failed with status code 404 | 404 Not Found,2024-07-21T20:56:08.531Z
124,1478,https://www.pexels.com/,Request failed with status code 403 | 403 Forbidden,2024-07-21T20:56:31.379Z
125,1481,https://www.phptutorial.net/php-pdo/,Request failed with status code 406,2024-07-21T20:56:40.783Z
126,1483,https://www.pluralsight.com/courses/csharp-fundamentals-dev,Request failed with status code 404 | 404 Not Found,2024-07-21T20:56:45.738Z
127,1486,https://www.pluralsight.com/courses/principles-oo-design,Request failed with status code 404 | 404 Not Found,2024-07-21T20:56:53.720Z
128,1489,https://www.pmi.org/learning/training-development/free-elearning-courses,Request failed with status code 403 | 403 Forbidden,2024-07-21T20:57:01.196Z
129,1492,https://www.ppl-lang.dev/blog/introduction-to-monads-with-java/index.html,Request failed with status code 406,2024-07-21T20:57:09.025Z
130,1496,https://www.pramp.com/\#/,Request failed with status code 404 | 404 Not Found,2024-07-21T20:57:20.762Z
131,1497,https://www.probabilitycourse.com/,Request failed with status code 406,2024-07-21T20:57:23.527Z
132,1520,https://www.reddit.com/r/sysadmin/comments/1dt4we5/free\_tools/,Request failed with status code 400,2024-07-21T20:58:37.429Z
133,1524,https://www.researchgate.net/publication/349104699\_Introduction\_to\_Mathematical\_Logic\_Edition\_2021,Request failed with status code 403 | 403 Forbidden,2024-07-21T20:58:47.034Z
134,122,https://www.responsivepx.com/,getaddrinfo EAI_AGAIN www.responsivepx.com | getaddrinfo EAI_AGAIN www.responsivepx.com | getaddrinfo EAI_AGAIN www.responsivepx.com | Failed after 3 attempts,2024-07-21T19:35:47.003Z
135,1529,https://www.riseo.ai/,getaddrinfo EAI_AGAIN www.riseo.ai | getaddrinfo EAI_AGAIN www.riseo.ai | getaddrinfo EAI_AGAIN www.riseo.ai | Failed after 3 attempts,2024-07-21T20:59:00.146Z
136,1535,https://www.salvia-kit.com/,getaddrinfo ENOTFOUND www.salvia-kit.com | ENOTFOUND - Domain not found,2024-07-21T20:59:23.086Z
137,1545,https://www.securitydawg.com/how-bots-spam-contact-forms/,Request failed with status code 406,2024-07-21T20:59:54.023Z
138,1549,https://www.shelly.com/en-ro/products/product-overview\#unfiltered,Request failed with status code 403 | 403 Forbidden,2024-07-21T21:00:04.818Z
139,1553,https://www.smartcurs.ro/,getaddrinfo ENOTFOUND www.smartcurs.ro | ENOTFOUND - Domain not found,2024-07-21T21:00:17.115Z
140,1560,https://www.softwaretestinghelp.com/,Request failed with status code 403 | 403 Forbidden,2024-07-21T21:00:34.590Z
141,1568,https://www.springboard.com/resources/learning-paths/data-analysis/,Request failed with status code 403 | 403 Forbidden,2024-07-21T21:00:57.576Z
142,131,https://www.tcpipguide.com/free/t\_toc.htm,connect ECONNREFUSED 216.92.67.219:443 | connect ECONNREFUSED 216.92.67.219:443 | connect ECONNREFUSED 216.92.67.219:443 | Failed after 3 attempts,2024-07-21T19:36:19.720Z
143,1587,https://www.theodinproject.com/courses/getting-hired,Request failed with status code 404 | 404 Not Found,2024-07-21T21:01:52.382Z
144,1588,https://www.theodinproject.com/courses/javascript,Request failed with status code 404 | 404 Not Found,2024-07-21T21:01:54.785Z
145,1589,https://www.theodinproject.com/courses/nodejs,Request failed with status code 404 | 404 Not Found,2024-07-21T21:01:56.954Z
146,1600,https://www.tremend.com/qa-course-beginners,Request failed with status code 404 | 404 Not Found,2024-07-21T21:02:28.147Z
147,1613,https://www.udemy.com/course/advanced-and-object-oriented-javascript/,Request failed with status code 403 | 403 Forbidden,2024-07-21T21:03:00.780Z
148,1614,https://www.udemy.com/course/backend-master-class-golang-postgresql-kubernetes/,Request failed with status code 403 | 403 Forbidden,2024-07-21T21:03:02.819Z
149,1615,https://www.udemy.com/course/basics-of-object-oriented-programming-with-csharp/,Request failed with status code 403 | 403 Forbidden,2024-07-21T21:03:04.860Z
150,1616,https://www.udemy.com/course/build-crud-application-php-mysql/,Request failed with status code 403 | 403 Forbidden,2024-07-21T21:03:06.898Z
151,1617,https://www.udemy.com/course/code-your-first-game/,Request failed with status code 403 | 403 Forbidden,2024-07-21T21:03:08.937Z
152,1618,https://www.udemy.com/course/complete-aspnet-core-21-course/,Request failed with status code 403 | 403 Forbidden,2024-07-21T21:03:10.978Z
153,1619,https://www.udemy.com/course/complete-csharp-masterclass/,Request failed with status code 403 | 403 Forbidden,2024-07-21T21:03:13.021Z
154,1620,https://www.udemy.com/course/comptia-network-cert-n10-007-the-total-course/,Request failed with status code 403 | 403 Forbidden,2024-07-21T21:03:15.064Z
155,1621,https://www.udemy.com/course/create-quick-professional-2d-game-backgrounds-in-photoshop/,Request failed with status code 403 | 403 Forbidden,2024-07-21T21:03:17.094Z
156,1622,https://www.udemy.com/course/creating-a-simple-newsletter-signup-using-php-and-mysql/,Request failed with status code 403 | 403 Forbidden,2024-07-21T21:03:19.158Z
157,1623,https://www.udemy.com/course/free-prep-for-html5-game-development/,Request failed with status code 403 | 403 Forbidden,2024-07-21T21:03:21.211Z
158,1624,https://www.udemy.com/course/full-stack-application-development-with-spring-boot-and-angular/,Request failed with status code 403 | 403 Forbidden,2024-07-21T21:03:23.247Z
159,1625,https://www.udemy.com/course/full-stack-application-with-spring-boot-and-react/,Request failed with status code 403 | 403 Forbidden,2024-07-21T21:03:25.292Z
160,1626,https://www.udemy.com/course/how-to-program-games/,Request failed with status code 403 | 403 Forbidden,2024-07-21T21:03:27.325Z
161,1627,https://www.udemy.com/course/introduction-to-game-development-with-unity/,Request failed with status code 403 | 403 Forbidden,2024-07-21T21:03:29.367Z
162,1628,https://www.udemy.com/course/java-enterprise-edition-8/,Request failed with status code 403 | 403 Forbidden,2024-07-21T21:03:31.419Z
163,1629,https://www.udemy.com/course/java-tutorial/,Request failed with status code 403 | 403 Forbidden,2024-07-21T21:03:33.466Z
164,1630,https://www.udemy.com/course/learn-professional-pixel-art-animation-for-games/,Request failed with status code 403 | 403 Forbidden,2024-07-21T21:03:35.511Z
165,1631,https://www.udemy.com/course/master-object-oriented-programming-concepts/,Request failed with status code 403 | 403 Forbidden,2024-07-21T21:03:37.551Z
166,1632,https://www.udemy.com/course/master-python-programming-complete-python-bootcamp/,Request failed with status code 403 | 403 Forbidden,2024-07-21T21:03:39.594Z
167,1633,https://www.udemy.com/course/object-oriented-programming-oops-for-java-certification/,Request failed with status code 403 | 403 Forbidden,2024-07-21T21:03:41.631Z
168,1634,https://www.udemy.com/course/php-mysql-tutorial/,Request failed with status code 403 | 403 Forbidden,2024-07-21T21:03:43.672Z
169,1635,https://www.udemy.com/course/practical-ethical-hacking/,Request failed with status code 403 | 403 Forbidden,2024-07-21T21:03:45.723Z
170,1636,https://www.udemy.com/course/python-oop/,Request failed with status code 403 | 403 Forbidden,2024-07-21T21:03:47.779Z
171,1637,https://www.udemy.com/course/real-time-chat-system-using-php-mysql-pdo-and-ajax/,Request failed with status code 403 | 403 Forbidden,2024-07-21T21:03:49.818Z
172,1638,https://www.udemy.com/course/spring-framework-5-beginner-to-guru/,Request failed with status code 403 | 403 Forbidden,2024-07-21T21:03:51.854Z
173,1639,https://www.udemy.com/course/spring-tutorial-for-beginners/,Request failed with status code 403 | 403 Forbidden,2024-07-21T21:03:53.894Z
174,1640,https://www.udemy.com/course/testare-manuala-si-automata-curs-qa/,Request failed with status code 403 | 403 Forbidden,2024-07-21T21:03:55.937Z
175,1641,https://www.udemy.com/course/the-ultimate-2d-game-character-design-animation-course/,Request failed with status code 403 | 403 Forbidden,2024-07-21T21:03:58.288Z
176,1642,https://www.udemy.com/course/unity-game-developer/,Request failed with status code 403 | 403 Forbidden,2024-07-21T21:04:00.327Z
177,1643,https://www.udemy.com/javascript-advanced/,Request failed with status code 403 | 403 Forbidden,2024-07-21T21:04:02.369Z
178,1644,https://www.udemy.com/understand-javascript/,Request failed with status code 403 | 403 Forbidden,2024-07-21T21:04:04.399Z
179,1645,https://www.udemy.com/user/bentristem/,Request failed with status code 403 | 403 Forbidden,2024-07-21T21:04:06.442Z
180,1657,https://www.vieodesign.com/blog/what-are-lsi-keywords-and-do-they-matter,Request failed with status code 404 | 404 Not Found,2024-07-21T21:04:44.963Z
181,133,https://www.vishalchovatiya.com/cpp20-coroutine-under-the-hood/,Request failed with status code 404 | 404 Not Found,2024-07-21T19:36:35.364Z
182,1669,https://www.w3schools.com/php/php\_mysql\_intro.asp,Request failed with status code 404 | 404 Not Found,2024-07-21T21:05:15.903Z
183,145,https://www.webdesignerdepot.com/2013/11/the-beginners-guide-to-sass/,Request failed with status code 404 | 404 Not Found,2024-07-21T19:37:04.889Z
184,1674,https://www.webpagetest.org/,Request failed with status code 403 | 403 Forbidden,2024-07-21T21:05:31.335Z
185,1769,https://www.youtube.com/@\_JohnHammond,Request failed with status code 404 | 404 Not Found,2024-07-21T21:10:31.399Z
186,1773,https://www.youtube.com/@basecamp,Request failed with status code 404 | 404 Not Found,2024-07-21T21:10:43.964Z
187,1789,https://www.youtube.com/@jsconf\_,Request failed with status code 404 | 404 Not Found,2024-07-21T21:11:33.939Z
188,1795,https://www.youtube.com/@mrgergelyorosz,Request failed with status code 404 | 404 Not Found,2024-07-21T21:11:52.289Z
189,1816,https://www.youtube.com/c/AngularFirebase,Request failed with status code 404 | 404 Not Found,2024-07-21T21:12:58.285Z
190,1823,https://www.youtube.com/c/LiveOverflowCTF,Request failed with status code 404 | 404 Not Found,2024-07-21T21:13:19.609Z
191,1841,https://www.youtube.com/channel/UCMlGfpWw-RUdWX\_JbLCukXg,Request failed with status code 404 | 404 Not Found,2024-07-21T21:14:15.634Z
192,1842,https://www.youtube.com/channel/UCP7WmQ\_U4GB3K51Od9QvM0w/videos,Request failed with status code 404 | 404 Not Found,2024-07-21T21:14:18.415Z
193,1854,https://www.youtube.com/playlist?list=PL0eyrZgxdwhwNC5ppZo\_dYGVjerQY3xYU,Request failed with status code 404 | 404 Not Found,2024-07-21T21:14:55.533Z
194,1858,https://www.youtube.com/playlist?list=PLB0Tybl0UNfb3hTHPfEIg1SPw\_-Ca9iIw,Request failed with status code 404 | 404 Not Found,2024-07-21T21:15:07.405Z
195,1862,https://www.youtube.com/playlist?list=PLKAyGpypHE7dHpGjm\_sW9htRkCogBW97i,Request failed with status code 404 | 404 Not Found,2024-07-21T21:15:19.385Z
196,1864,https://www.youtube.com/playlist?list=PLLKT\_\_MCUeix3O0DPbmuaRuR\_4Hxo4m3G,Request failed with status code 404 | 404 Not Found,2024-07-21T21:15:25.142Z
197,1866,https://www.youtube.com/playlist?list=PLQB56B9Yjxu-xAYGg9z\_s271UvDSgcA7h,Request failed with status code 404 | 404 Not Found,2024-07-21T21:15:30.934Z
198,1867,https://www.youtube.com/playlist?list=PLQB56B9Yjxu9\_265koJhWmL02PhhuBW0G,Request failed with status code 404 | 404 Not Found,2024-07-21T21:15:33.738Z
199,1871,https://www.youtube.com/playlist?list=PLUl4u3cNGP63gFHB6xb-kVBiQHYe\_4hSi,Request failed with status code 404 | 404 Not Found,2024-07-21T21:15:45.651Z
200,1872,https://www.youtube.com/playlist?list=PLVz1bbeMX6hy6Xb6exLUuEq845VIiJU\_n,Request failed with status code 404 | 404 Not Found,2024-07-21T21:15:48.455Z
201,1873,https://www.youtube.com/playlist?list=PLYElE\_rzEw\_v8TXJ\_ITSSBP\_ypUKfQ7K-,Request failed with status code 404 | 404 Not Found,2024-07-21T21:15:51.227Z
202,1874,https://www.youtube.com/playlist?list=PLYdpEVB86eG6IDpm0siSVxY7He6gnJs\_E,Request failed with status code 404 | 404 Not Found,2024-07-21T21:15:54.010Z
203,1875,https://www.youtube.com/playlist?list=PLa1F2ddGya\_-UvuAqHAksYnB0qL9yWDO6,Request failed with status code 404 | 404 Not Found,2024-07-21T21:15:57.110Z
204,1877,https://www.youtube.com/playlist?list=PLbN57C5Zdl6j\_qJA-pARJnKsmROzPnO9V,Request failed with status code 404 | 404 Not Found,2024-07-21T21:16:03.266Z
205,1881,https://www.youtube.com/playlist?list=PLfTqvIG4roBriVPmIV\_42alacUcK1xt23,Request failed with status code 404 | 404 Not Found,2024-07-21T21:16:15.325Z
206,1883,https://www.youtube.com/playlist?list=PLhQjrBD2T382\_R182iC2gNZI9HzWFMC\_8,Request failed with status code 404 | 404 Not Found,2024-07-21T21:16:21.187Z
207,1884,https://www.youtube.com/playlist?list=PLlrxD0HtieHjqO1pNqScMngrV7oFro-TY\#fef,Request failed with status code 404 | 404 Not Found,2024-07-21T21:16:23.971Z
208,1888,https://www.youtube.com/playlist?list=PLwscrByc3TJ5GcsnLQVrJ4OwvS\_xCm\_-f,Request failed with status code 404 | 404 Not Found,2024-07-21T21:16:35.993Z
209,1890,https://www.youtube.com/playlist?list=PLz8Iz-Fnk\_eTpvd49Sa77NiF8Uqq5Iykx,Request failed with status code 404 | 404 Not Found,2024-07-21T21:16:41.794Z
