id,url,error_message,timestamp86,https://www.brokenthorn.com/Resources/OSDevIndex.html,Failed after 3 attempts,2024-07-23T00:11:07.819Z
1627,https://www.udemy.com/course/introduction-to-game-development-with-unity/,Failed after 3 attempts,2024-07-23T00:11:22.957Z
1623,https://www.udemy.com/course/free-prep-for-html5-game-development/,Failed after 3 attempts,2024-07-23T00:11:29.063Z
1614,https://www.udemy.com/course/backend-master-class-golang-postgresql-kubernetes/,Failed after 3 attempts,2024-07-23T00:11:35.166Z
1600,https://www.tremend.com/qa-course-beginners,Failed after 3 attempts,2024-07-23T00:11:44.360Z
32,https://diveintohtml5.info/table-of-contents.html,Failed after 3 attempts,2024-07-23T00:17:41.791Z
655,https://helpx.adobe.com/ro/premiere-pro/view-all-tutorials.html,Failed after 3 attempts,2024-07-23T00:21:27.977Z
83,https://webdam.inria.fr/Alice/,Failed after 3 attempts,2024-07-23T00:29:16.059Z
78,https://usability.com.au/,Failed after 3 attempts,2024-07-23T00:29:27.255Z
164,https://99designs.com/blog/web-digital/website-usability-principles/,Failed after 3 attempts,2024-07-23T00:29:34.731Z
1674,https://www.webpagetest.org/,Failed after 3 attempts,2024-07-23T00:29:44.748Z
1529,https://www.riseo.ai/,Failed after 3 attempts,2024-07-23T00:31:31.225Z
9,https://apps.workflower.fi/vocabs/css/en,Failed after 3 attempts,2024-07-23T00:34:24.223Z
1312,https://www.frontendcheatsheets.com/javascript,Failed after 3 attempts,2024-07-23T00:35:33.646Z
1387,https://www.layoutgridcalculator.com/typographic-scale/,Failed after 3 attempts,2024-07-23T00:36:49.602Z
1272,https://www.dropbox.com/s/xij72qwp72okem0/fxtbook.pdf?dl=1,Skipped zip / Dropbox file,2024-07-23T00:36:51.612Z
1269,https://www.dropbox.com/s/oif8f5foarnulj5/humbleBundle-Devops.zip?dl=1,Skipped zip / Dropbox file,2024-07-23T00:36:51.613Z
723,https://layoutflow.com/,Failed after 3 attempts,2024-07-23T00:36:59.375Z
77,https://uiaccess.com/JustAsk/index.html,Failed after 3 attempts,2024-07-23T00:41:39.521Z
1469,https://www.palantir.net/blog/re-thinking-breakpoints-responsive-design,Failed after 3 attempts,2024-07-23T00:41:47.848Z
1657,https://www.vieodesign.com/blog/what-are-lsi-keywords-and-do-they-matter,Failed after 3 attempts,2024-07-23T00:42:02.871Z
1641,https://www.udemy.com/course/the-ultimate-2d-game-character-design-animation-course/,Failed after 3 attempts,2024-07-23T00:42:08.993Z
909,https://qmo.io/blog/ultimate-guide-to-api-design,Failed after 3 attempts,2024-07-23T00:42:45.737Z
795,https://mobbin.design/browse/ios/apps,Failed after 3 attempts,2024-07-23T00:42:52.291Z
334,https://creativemarket.com/blog/10-design-ted-talks-you-should-watch,Failed after 3 attempts,2024-07-23T00:42:58.417Z
145,https://www.webdesignerdepot.com/2013/11/the-beginners-guide-to-sass/,Failed after 3 attempts,2024-07-23T00:44:35.545Z
122,https://www.responsivepx.com/,Failed after 3 attempts,2024-07-23T00:44:46.446Z
1292,https://www.figma.com/community/file/1114720838108123725,Failed after 3 attempts,2024-07-23T00:46:30.037Z
1621,https://www.udemy.com/course/create-quick-professional-2d-game-backgrounds-in-photoshop/,Failed after 3 attempts,2024-07-23T00:46:47.176Z
1643,https://www.udemy.com/javascript-advanced/,Failed after 3 attempts,2024-07-23T00:48:40.558Z
1613,https://www.udemy.com/course/advanced-and-object-oriented-javascript/,Failed after 3 attempts,2024-07-23T00:48:49.744Z
1644,https://www.udemy.com/understand-javascript/,Failed after 3 attempts,2024-07-23T00:48:55.851Z
1588,https://www.theodinproject.com/courses/javascript,Failed after 3 attempts,2024-07-23T00:49:03.200Z
1371,https://www.javascripttutorial.net/,Failed after 3 attempts,2024-07-23T00:49:10.666Z
1589,https://www.theodinproject.com/courses/nodejs,Failed after 3 attempts,2024-07-23T00:50:13.997Z
363,https://cursuri-it.ejobs.ro/,Failed after 3 attempts,2024-07-23T00:51:26.842Z
364,https://cursuri-it.ejobs.ro/cursuri/tester/tester-qa/,Failed after 3 attempts,2024-07-23T00:51:33.007Z
599,https://github.com/salem53/OCP-JAVA-11/blob/master/OCP%20Oracle%20Certified%20Professional%20Java%20SE%2011%20Developer%20Complete%20Study%20Guide%20Exam%201Z0-815%2C%20Exam%201Z0-816%20and%20Exam%201Z0-817%20by%20Jeanne%20Boyarsky%2C%20Scott%20Selikoff%20(z-lib.org,Failed after 3 attempts,2024-07-23T00:57:24.393Z
1620,https://www.udemy.com/course/comptia-network-cert-n10-007-the-total-course/,Failed after 3 attempts,2024-07-23T00:57:30.512Z
1618,https://www.udemy.com/course/complete-aspnet-core-21-course/,Failed after 3 attempts,2024-07-23T00:57:48.859Z
1452,https://www.netacad.com/node/1278,Failed after 3 attempts,2024-07-23T00:57:56.789Z
1367,https://www.isi.edu/~hussain/TEACH/Spring2014/notes/Steven00a.pdf,Failed after 3 attempts,2024-07-23T00:58:10.028Z
1165,https://www.allaboutcircuits.com/textbook/,Failed after 3 attempts,2024-07-23T01:06:26.543Z
851,https://ourway.keybase.pub/mathematics_cheat_sheet.pdf,Failed after 3 attempts,2024-07-23T01:06:32.768Z
20,https://codepen.io/honglio/pen/FKyxG,Failed after 3 attempts,2024-07-23T01:06:41.868Z
717,https://laracasts.com/series/learn-vue-2-step-by-step,Failed after 3 attempts,2024-07-23T01:06:47.968Z
75,https://tryqa.com/istqb-dumps-download-mock-tests-and-sample-question-papers/,Failed after 3 attempts,2024-07-23T01:06:54.909Z
1549,https://www.shelly.com/en-ro/products/product-overview#unfiltered,Failed after 3 attempts,2024-07-23T01:07:01.079Z
716,https://laracasts.com/,Failed after 3 attempts,2024-07-23T01:07:49.241Z
64,https://railscasts.com/,Failed after 3 attempts,2024-07-23T01:08:03.410Z
265,https://browsershots.org/,Failed after 3 attempts,2024-07-23T01:08:10.182Z
711,https://lab.github.com/githubtraining/introduction-to-github,Failed after 3 attempts,2024-07-23T01:15:02.358Z
1317,https://www.futurelearn.com/subjects/business-and-management-courses/marketing/digital-marketing,Failed after 3 attempts,2024-07-23T01:15:19.518Z
225,https://atelierul.digital/,Failed after 3 attempts,2024-07-23T01:15:50.148Z
530,https://github.com/JeckyOH/e-books-oh/blob/master/%5BAddison-Wesley%20Professional%5D%20TCP%20IP%20Illustrated%20Volume%202%20The%20Implementation.pdf,Failed after 3 attempts,2024-07-23T01:15:56.885Z
547,https://github.com/cjbt/Free-Algorithm-Books/tree/master,Failed after 3 attempts,2024-07-23T01:16:03.569Z
37,https://euclid.trentu.ca/math/sb/pcml/pcml-16.pdf,Failed after 3 attempts,2024-07-23T01:42:25.146Z
1524,https://www.researchgate.net/publication/349104699_Introduction_to_Mathematical_Logic_Edition_2021,Failed after 3 attempts,2024-07-23T01:42:31.275Z
675,https://infoarena.ro/arhiva-educationala,Failed after 3 attempts,2024-07-23T01:42:40.577Z
1185,https://www.baeldung.com/java-tutorial,Failed after 3 attempts,2024-07-23T01:42:46.714Z
1182,https://www.baeldung.com/,Failed after 3 attempts,2024-07-23T01:42:52.819Z
750,https://leetcode.com/discuss/general-discussion/460599/blind-75-leetcode-questions,Failed after 3 attempts,2024-07-23T01:42:58.956Z
707,https://khan.github.io/tota11y/,Failed after 3 attempts,2024-07-23T01:43:05.393Z
208,https://app.buzzsumo.com/content/web,Failed after 3 attempts,2024-07-23T01:43:15.713Z
1615,https://www.udemy.com/course/basics-of-object-oriented-programming-with-csharp/,Failed after 3 attempts,2024-07-23T01:43:21.845Z
108,https://www.icce.rug.nl/documents/cplusplus/,Failed after 3 attempts,2024-07-23T01:43:28.241Z
133,https://www.vishalchovatiya.com/cpp20-coroutine-under-the-hood/,Failed after 3 attempts,2024-07-23T01:43:35.290Z
261,https://boris-marinov.github.io/category-theory-illustrated/,Failed after 3 attempts,2024-07-23T01:43:41.733Z
280,"https://chrome.google.com/webstore/detail/dom-monster/hlimphkgopfdlelabkioalhfjfblnclk#:~:text=DOM%20Monster%20is%20a%20bookmarklet,you%20its%20bill%20of%20health.&text=DOM%20Monster%20is%20a%20cross,you%20its%20bill%20of%20health.",Failed after 3 attempts,2024-07-23T01:43:48.595Z
1247,https://www.cyberseclabs.co.uk/,Failed after 3 attempts,2024-07-23T01:44:12.463Z
1248,https://www.cybrary.it/info/freeittraining/,Failed after 3 attempts,2024-07-23T01:44:20.860Z
480,https://filezilla-project.org/download.php?type=client,Failed after 3 attempts,2024-07-23T01:44:35.609Z
498,https://freecarrierlookup.com/,Failed after 3 attempts,2024-07-23T01:44:42.092Z
1369,https://www.istqb.org/certification-path-root/foundation-level-2018.html,Failed after 3 attempts,2024-07-23T01:44:49.145Z
1489,https://www.pmi.org/learning/training-development/free-elearning-courses,Failed after 3 attempts,2024-07-23T01:44:55.355Z
1624,https://www.udemy.com/course/full-stack-application-development-with-spring-boot-and-angular/,Failed after 3 attempts,2024-07-23T01:45:01.449Z
1625,https://www.udemy.com/course/full-stack-application-with-spring-boot-and-react/,Failed after 3 attempts,2024-07-23T01:45:07.564Z
1293,https://www.figma.com/community/file/769694576496801916,Failed after 3 attempts,2024-07-23T01:45:19.755Z
21,https://coding-geek.com/how-databases-work/,Failed after 3 attempts,2024-07-23T01:47:23.563Z
674,https://infoarena.ro/,Failed after 3 attempts,2024-07-23T01:47:29.772Z
1492,https://www.ppl-lang.dev/blog/introduction-to-monads-with-java/index.html,Failed after 3 attempts,2024-07-23T01:47:37.539Z
1633,https://www.udemy.com/course/object-oriented-programming-oops-for-java-certification/,Failed after 3 attempts,2024-07-23T01:47:43.639Z
1183,https://www.baeldung.com/java-collections,Failed after 3 attempts,2024-07-23T01:47:49.769Z
1628,https://www.udemy.com/course/java-enterprise-edition-8/,Failed after 3 attempts,2024-07-23T01:47:55.881Z
1184,https://www.baeldung.com/java-streams,Failed after 3 attempts,2024-07-23T01:48:01.985Z
253,https://blog.stephenmarz.com/2021/02/22/writing-pong-in-rust/,Failed after 3 attempts,2024-07-23T01:48:09.766Z
781,https://media.defense.gov/2021/Aug/03/2002820425/-1/-1/0/CTR_Kubernetes_Hardening_Guidance_1.1_20220315.PDF,Failed after 3 attempts,2024-07-23T01:48:16.339Z
742,https://learnopengl.com/,Failed after 3 attempts,2024-07-23T01:48:24.098Z
749,https://leetcode.com/,Failed after 3 attempts,2024-07-23T01:48:30.217Z
26,https://csgordon.github.io/books.html,Failed after 3 attempts,2024-07-23T01:48:41.324Z
115,https://www.minimamente.com/example/magic_animations/,Failed after 3 attempts,2024-07-23T01:48:51.557Z
1545,https://www.securitydawg.com/how-bots-spam-contact-forms/,Failed after 3 attempts,2024-07-23T01:48:59.894Z
848,https://osblog.stephenmarz.com/,Failed after 3 attempts,2024-07-23T01:49:07.631Z
1427,https://www.mathpages.com/,Failed after 3 attempts,2024-07-23T01:49:15.390Z
325,https://courses.csail.mit.edu/6.042/spring17/mcs.pdf,Failed after 3 attempts,2024-07-23T01:49:23.024Z
797,https://modernc.gforge.inria.fr/,Failed after 3 attempts,2024-07-23T01:50:32.799Z
1631,https://www.udemy.com/course/master-object-oriented-programming-concepts/,Failed after 3 attempts,2024-07-23T01:50:51.224Z
1635,https://www.udemy.com/course/practical-ethical-hacking/,Failed after 3 attempts,2024-07-23T01:51:03.295Z
1497,https://www.probabilitycourse.com/,Failed after 3 attempts,2024-07-23T01:51:13.403Z
1636,https://www.udemy.com/course/python-oop/,Failed after 3 attempts,2024-07-23T01:51:24.802Z
97,https://www.dungeonsanddevelopers.com/,Failed after 3 attempts,2024-07-23T01:51:39.976Z
1144,https://webhint.io/scanner/,Failed after 3 attempts,2024-07-23T01:51:46.338Z
863,https://pauljerimy.com/security-certification-roadmap/,Failed after 3 attempts,2024-07-23T01:51:54.066Z
1560,https://www.softwaretestinghelp.com/,Failed after 3 attempts,2024-07-23T01:52:00.188Z
1486,https://www.pluralsight.com/courses/principles-oo-design,Failed after 3 attempts,2024-07-23T01:52:08.419Z
1639,https://www.udemy.com/course/spring-tutorial-for-beginners/,Failed after 3 attempts,2024-07-23T01:52:14.525Z
1638,https://www.udemy.com/course/spring-framework-5-beginner-to-guru/,Failed after 3 attempts,2024-07-23T01:52:20.623Z
1640,https://www.udemy.com/course/testare-manuala-si-automata-curs-qa/,Failed after 3 attempts,2024-07-23T01:52:32.679Z
1587,https://www.theodinproject.com/courses/getting-hired,Failed after 3 attempts,2024-07-23T01:52:39.696Z
809,https://neilpatel.com/ubersuggest/,Failed after 3 attempts,2024-07-23T01:53:02.552Z
326,https://courses.learnvue.co/p/build-along-vue3-time-blocking-app/,Failed after 3 attempts,2024-07-23T01:53:09.199Z
1823,https://www.youtube.com/c/LiveOverflowCTF,Failed after 3 attempts,2024-07-23T01:54:15.280Z
1816,https://www.youtube.com/c/AngularFirebase,Failed after 3 attempts,2024-07-23T01:54:23.825Z
1795,https://www.youtube.com/@mrgergelyorosz,Failed after 3 attempts,2024-07-23T01:54:32.530Z
1773,https://www.youtube.com/@basecamp,Failed after 3 attempts,2024-07-23T01:54:41.249Z
1645,https://www.udemy.com/user/bentristem/,Failed after 3 attempts,2024-07-23T01:54:53.464Z
1642,https://www.udemy.com/course/unity-game-developer/,Failed after 3 attempts,2024-07-23T01:54:59.605Z
1637,https://www.udemy.com/course/real-time-chat-system-using-php-mysql-pdo-and-ajax/,Failed after 3 attempts,2024-07-23T01:55:05.718Z
1634,https://www.udemy.com/course/php-mysql-tutorial/,Failed after 3 attempts,2024-07-23T01:55:11.835Z
1632,https://www.udemy.com/course/master-python-programming-complete-python-bootcamp/,Failed after 3 attempts,2024-07-23T01:55:17.949Z
1630,https://www.udemy.com/course/learn-professional-pixel-art-animation-for-games/,Failed after 3 attempts,2024-07-23T01:55:24.071Z
1629,https://www.udemy.com/course/java-tutorial/,Failed after 3 attempts,2024-07-23T01:55:30.171Z
1626,https://www.udemy.com/course/how-to-program-games/,Failed after 3 attempts,2024-07-23T01:55:36.310Z
1622,https://www.udemy.com/course/creating-a-simple-newsletter-signup-using-php-and-mysql/,Failed after 3 attempts,2024-07-23T01:55:42.466Z
1619,https://www.udemy.com/course/complete-csharp-masterclass/,Failed after 3 attempts,2024-07-23T01:55:48.625Z
1617,https://www.udemy.com/course/code-your-first-game/,Failed after 3 attempts,2024-07-23T01:55:54.742Z
1616,https://www.udemy.com/course/build-crud-application-php-mysql/,Failed after 3 attempts,2024-07-23T01:56:00.865Z
1568,https://www.springboard.com/resources/learning-paths/data-analysis/,Failed after 3 attempts,2024-07-23T01:56:07.057Z
1553,https://www.smartcurs.ro/,Failed after 3 attempts,2024-07-23T01:56:13.241Z
1535,https://www.salvia-kit.com/,Failed after 3 attempts,2024-07-23T01:56:19.378Z
1483,https://www.pluralsight.com/courses/csharp-fundamentals-dev,Failed after 3 attempts,2024-07-23T01:56:26.991Z
1481,https://www.phptutorial.net/php-pdo/,Failed after 3 attempts,2024-07-23T01:56:34.675Z
1478,https://www.pexels.com/,Failed after 3 attempts,2024-07-23T01:56:40.814Z
1413,https://www.linkedin.com/learning/paths/become-an-online-marketing-manager,Failed after 3 attempts,2024-07-23T01:56:51.601Z
1359,https://www.infoarena.ro/links,Failed after 3 attempts,2024-07-23T01:57:01.719Z
1358,https://www.infoarena.ro/arhiva-educationala,Failed after 3 attempts,2024-07-23T01:57:07.947Z
1253,https://www.datacamp.com/learn/sql,Failed after 3 attempts,2024-07-23T01:57:17.351Z
1252,https://www.datacamp.com/,Failed after 3 attempts,2024-07-23T01:57:23.471Z
1195,https://www.britishcouncil.ro/engleza/invata-online/gratis,Failed after 3 attempts,2024-07-23T02:01:00.212Z
1119,https://vimeo.com/30073532,Failed after 3 attempts,2024-07-23T02:01:07.524Z
919,https://refocus.me/ph/,Failed after 3 attempts,2024-07-23T02:01:16.976Z
862,https://pauljerimy.com/it-career-roadmap/,Failed after 3 attempts,2024-07-23T02:01:27.118Z
843,https://open.appacademy.io/,Failed after 3 attempts,2024-07-23T02:01:33.622Z
767,https://machinelearningmastery.com/,Failed after 3 attempts,2024-07-23T02:01:42.697Z
676,https://infoarena.ro/downloads,Failed after 3 attempts,2024-07-23T02:01:51.246Z
23,https://conqueringthecommandline.com/book,Failed after 3 attempts,2024-07-23T02:01:57.633Z
131,https://www.tcpipguide.com/free/t_toc.htm,Failed after 3 attempts,2024-07-23T02:02:12.198Z
365,https://cxl.com/playbooks/,Failed after 3 attempts,2024-07-23T02:02:20.835Z
