id,url,error_message,timestamp164,https://99designs.com/blog/web-digital/website-usability-principles/,Failed after 3 attempts,2024-07-22T00:20:36.499Z
2,https://adam.chlipala.net/cpdt/,Failed after 3 attempts,2024-07-22T00:20:50.354Z
184,https://af79471c-693e-43f9-840b-9b70f48aaec8.filesusr.com/ugd/defd98\_ca5a028ffb76428e92d6b99b453bbcf2.pdf,Failed after 3 attempts,2024-07-22T00:20:57.365Z
208,https://app.buzzsumo.com/content/web,Failed after 3 attempts,2024-07-22T00:21:04.675Z
9,https://apps.workflower.fi/vocabs/css/en,Failed after 3 attempts,2024-07-22T00:21:17.355Z
225,https://atelierul.digital/,Failed after 3 attempts,2024-07-22T00:21:23.675Z
253,https://blog.stephenmarz.com/2021/02/22/writing-pong-in-rust/,Failed after 3 attempts,2024-07-22T00:21:31.436Z
260,https://books.google.ro/books/about/Mastering\_Bitcoin.html?id=tponDwAAQBAJ\&printsec=frontcover\&source=kp\_read\_button\&hl=en\&redir\_esc=y\#v=onepage\&q\&f=false,Failed after 3 attempts,2024-07-22T00:21:38.710Z
261,https://boris-marinov.github.io/category-theory-illustrated/,Failed after 3 attempts,2024-07-22T00:21:44.876Z
265,https://browsershots.org/,Failed after 3 attempts,2024-07-22T00:21:51.098Z
280,"https://chrome.google.com/webstore/detail/dom-monster/hlimphkgopfdlelabkioalhfjfblnclk\#:\~:text=DOM%20Monster%20is%20a%20bookmarklet,you%20its%20bill%20of%20health.\&text=DOM%20Monster%20is%20a%20cross,you%20its%20bill%20of%20health.",Failed after 3 attempts,2024-07-22T00:21:57.961Z
20,https://codepen.io/honglio/pen/FKyxG,Failed after 3 attempts,2024-07-22T00:22:04.066Z
21,https://coding-geek.com/how-databases-work/,Failed after 3 attempts,2024-07-22T00:24:07.161Z
23,https://conqueringthecommandline.com/book,Failed after 3 attempts,2024-07-22T00:24:13.597Z
325,https://courses.csail.mit.edu/6.042/spring17/mcs.pdf,Failed after 3 attempts,2024-07-22T00:24:21.333Z
326,https://courses.learnvue.co/p/build-along-vue3-time-blocking-app/,Failed after 3 attempts,2024-07-22T00:24:27.631Z
334,https://creativemarket.com/blog/10-design-ted-talks-you-should-watch,Failed after 3 attempts,2024-07-22T00:24:33.759Z
26,https://csgordon.github.io/books.html,Failed after 3 attempts,2024-07-22T00:24:39.921Z
363,https://cursuri-it.ejobs.ro/,Failed after 3 attempts,2024-07-22T00:24:46.113Z
364,https://cursuri-it.ejobs.ro/cursuri/tester/tester-qa/,Failed after 3 attempts,2024-07-22T00:24:52.264Z
365,https://cxl.com/playbooks/,Failed after 3 attempts,2024-07-22T00:24:58.508Z
395,https://developer.mozilla.org/en-US/docs/Learn/Front-end\_web\_developer,Failed after 3 attempts,2024-07-22T00:25:05.606Z
396,https://developer.mozilla.org/en-US/docs/Learn/HTML/Multimedia\_and\_embedding/Responsive\_images,Failed after 3 attempts,2024-07-22T00:25:13.134Z
32,https://diveintohtml5.info/table-of-contents.html,Failed after 3 attempts,2024-07-22T00:25:19.903Z
429,https://docs.google.com/document/d/19QmYipgc6WxRrdzobVvItHTnJpG9mx7\_K1GTBhIbiEY/edit?usp=sharing,Failed after 3 attempts,2024-07-22T00:25:27.064Z
432,https://docs.oracle.com/cd/E19957-01/806-3568/ncg\_goldberg.html,Failed after 3 attempts,2024-07-22T00:25:34.280Z
461,https://en.m.wikipedia.org/wiki/List\_of\_algorithms,Failed after 3 attempts,2024-07-22T00:25:40.643Z
462,https://en.m.wikipedia.org/wiki/List\_of\_data\_structures,Failed after 3 attempts,2024-07-22T00:25:47.000Z
465,https://en.wikipedia.org/wiki/Comparison\_of\_web\_template\_engines,Failed after 3 attempts,2024-07-22T00:25:53.376Z
466,https://en.wikipedia.org/wiki/First-order\_logic,Failed after 3 attempts,2024-07-22T00:25:59.747Z
37,https://euclid.trentu.ca/math/sb/pcml/pcml-16.pdf,Failed after 3 attempts,2024-07-22T00:26:13.905Z
467,https://event.2performant.com/events/click?ad\_type=quicklink\&aff\_code=304c4ab32\&unique=7b88fe442\&redirect\_to=https%253A//www.books-express.ro/influence-new-and-expanded/p/vsc%252C9780062937650,Failed after 3 attempts,2024-07-22T00:26:20.163Z
468,https://event.2performant.com/events/click?ad\_type=quicklink\&aff\_code=304c4ab32\&unique=7b88fe442\&redirect\_to=https%253A//www.books-express.ro/ogilvy-d-ogilvy-on-advertising/p/kjsa%252C9781853756153,Failed after 3 attempts,2024-07-22T00:26:26.381Z
478,https://fifty.user-interface.io/50\_ui\_tips.pdf,Failed after 3 attempts,2024-07-22T00:26:32.676Z
480,https://filezilla-project.org/download.php?type=client,Failed after 3 attempts,2024-07-22T00:26:39.049Z
498,https://freecarrierlookup.com/,Failed after 3 attempts,2024-07-22T00:26:45.345Z
530,https://github.com/JeckyOH/e-books-oh/blob/master/%5BAddison-Wesley%20Professional%5D%20TCP%20IP%20Illustrated%20Volume%202%20The%20Implementation.pdf,Failed after 3 attempts,2024-07-22T00:26:52.131Z
547,https://github.com/cjbt/Free-Algorithm-Books/tree/master,Failed after 3 attempts,2024-07-22T00:26:58.796Z
576,https://github.com/lefticus/cpp\_starter\_project,Failed after 3 attempts,2024-07-22T00:27:05.514Z
582,https://github.com/mariusciurea/python\_challenge,Failed after 3 attempts,2024-07-22T00:27:12.219Z
599,https://github.com/salem53/OCP-JAVA-11/blob/master/OCP%20Oracle%20Certified%20Professional%20Java%20SE%2011%20Developer%20Complete%20Study%20Guide%20Exam%201Z0-815%2C%20Exam%201Z0-816%20and%20Exam%201Z0-817%20by%20Jeanne%20Boyarsky%2C%20Scott%20Selikoff%20(z-lib.org,Failed after 3 attempts,2024-07-22T00:27:18.955Z
633,https://golang.org/doc/effective\_go,Failed after 3 attempts,2024-07-22T00:27:26.810Z
644,https://guides.rubyonrails.org/getting\_started.html,Failed after 3 attempts,2024-07-22T00:27:35.565Z
655,https://helpx.adobe.com/ro/premiere-pro/view-all-tutorials.html,Failed after 3 attempts,2024-07-22T00:31:12.162Z
674,https://infoarena.ro/,Failed after 3 attempts,2024-07-22T00:34:50.723Z
675,https://infoarena.ro/arhiva-educationala,Failed after 3 attempts,2024-07-22T00:38:29.299Z
676,https://infoarena.ro/downloads,Failed after 3 attempts,2024-07-22T00:41:44.420Z
707,https://khan.github.io/tota11y/,Failed after 3 attempts,2024-07-22T00:41:50.864Z
711,https://lab.github.com/githubtraining/introduction-to-github,Failed after 3 attempts,2024-07-22T00:41:57.194Z
716,https://laracasts.com/,Failed after 3 attempts,2024-07-22T00:42:03.324Z
717,https://laracasts.com/series/learn-vue-2-step-by-step,Failed after 3 attempts,2024-07-22T00:42:09.423Z
723,https://layoutflow.com/,Failed after 3 attempts,2024-07-22T00:42:17.686Z
742,https://learnopengl.com/,Failed after 3 attempts,2024-07-22T00:42:26.294Z
749,https://leetcode.com/,Failed after 3 attempts,2024-07-22T00:42:32.423Z
750,https://leetcode.com/discuss/general-discussion/460599/blind-75-leetcode-questions,Failed after 3 attempts,2024-07-22T00:42:38.544Z
767,https://machinelearningmastery.com/,Failed after 3 attempts,2024-07-22T00:42:44.655Z
57,https://madwomb.com/tutorials/GameDesign\_Tufts.html,Failed after 3 attempts,2024-07-22T00:42:54.159Z
781,https://media.defense.gov/2021/Aug/03/2002820425/-1/-1/0/CTR\_Kubernetes\_Hardening\_Guidance\_1.1\_20220315.PDF,Failed after 3 attempts,2024-07-22T00:43:01.003Z
789,https://miro.com/app/board/o9J\_ktZHnRA=/,Failed after 3 attempts,2024-07-22T00:43:07.651Z
795,https://mobbin.design/browse/ios/apps,Failed after 3 attempts,2024-07-22T00:43:14.083Z
797,https://modernc.gforge.inria.fr/,Failed after 3 attempts,2024-07-22T00:44:23.886Z
809,https://neilpatel.com/ubersuggest/,Failed after 3 attempts,2024-07-22T00:44:30.120Z
843,https://open.appacademy.io/,Failed after 3 attempts,2024-07-22T00:44:36.336Z
848,https://osblog.stephenmarz.com/,Failed after 3 attempts,2024-07-22T00:44:44.415Z
851,https://ourway.keybase.pub/mathematics\_cheat\_sheet.pdf,Failed after 3 attempts,2024-07-22T00:44:50.544Z
862,https://pauljerimy.com/it-career-roadmap/,Failed after 3 attempts,2024-07-22T00:44:58.394Z
863,https://pauljerimy.com/security-certification-roadmap/,Failed after 3 attempts,2024-07-22T00:45:06.145Z
905,https://programming-idioms.org/about\#about-block-all-idioms,Failed after 3 attempts,2024-07-22T00:45:12.950Z
909,https://qmo.io/blog/ultimate-guide-to-api-design,Failed after 3 attempts,2024-07-22T00:46:07.062Z
64,https://railscasts.com/,Failed after 3 attempts,2024-07-22T00:46:21.149Z
914,https://realfavicongenerator.net/favicon\_checker,Failed after 3 attempts,2024-07-22T00:46:27.601Z
919,https://refocus.me/ph/,Failed after 3 attempts,2024-07-22T00:46:34.591Z
959,https://seesparkbox.com/foundry/13\_wcag\_2.1\_web\_accessibility\_guidelines,Failed after 3 attempts,2024-07-22T00:46:43.878Z
972,https://software.imdea.org/Conferences/CICLOPS2017/files/tarau\_ciclops17.pdf,Failed after 3 attempts,2024-07-22T00:46:50.405Z
987,https://start.bitwarden.com/hubfs/The%20Hacker%E2%80%99s%20Guide%20to%20Securing%20Your%20Organization\_V2.pdf,Failed after 3 attempts,2024-07-22T00:46:57.935Z
989,https://static.googleusercontent.com/media/fonts.google.com/en//knowledge/stop\_stealing\_sheep.pdf,Failed after 3 attempts,2024-07-22T00:47:04.820Z
75,https://tryqa.com/istqb-dumps-download-mock-tests-and-sample-question-papers/,Failed after 3 attempts,2024-07-22T00:47:11.906Z
77,https://uiaccess.com/JustAsk/index.html,Failed after 3 attempts,2024-07-22T00:47:28.927Z
78,https://usability.com.au/,Failed after 3 attempts,2024-07-22T00:47:37.186Z
1119,https://vimeo.com/30073532,Failed after 3 attempts,2024-07-22T00:47:44.217Z
83,https://webdam.inria.fr/Alice/,Failed after 3 attempts,2024-07-22T00:47:50.778Z
1144,https://webhint.io/scanner/,Failed after 3 attempts,2024-07-22T00:47:57.268Z
1150,https://wiki.haskell.org/H-99:\_Ninety-Nine\_Haskell\_Problems,Failed after 3 attempts,2024-07-22T00:48:04.310Z
1151,https://wiki.osdev.org/Expanded\_Main\_Page,Failed after 3 attempts,2024-07-22T00:48:11.592Z
1165,https://www.allaboutcircuits.com/textbook/,Failed after 3 attempts,2024-07-22T00:48:17.698Z
1178,https://www.analog.com/en/education/education-library/scientist\_engineers\_guide.html,Failed after 3 attempts,2024-07-22T00:48:25.088Z
1182,https://www.baeldung.com/,Failed after 3 attempts,2024-07-22T00:48:31.411Z
1183,https://www.baeldung.com/java-collections,Failed after 3 attempts,2024-07-22T00:48:37.540Z
1184,https://www.baeldung.com/java-streams,Failed after 3 attempts,2024-07-22T00:48:43.650Z
1185,https://www.baeldung.com/java-tutorial,Failed after 3 attempts,2024-07-22T00:48:49.766Z
1195,https://www.britishcouncil.ro/engleza/invata-online/gratis,Failed after 3 attempts,2024-07-22T00:52:26.510Z
86,https://www.brokenthorn.com/Resources/OSDevIndex.html,Failed after 3 attempts,2024-07-22T00:52:34.498Z
1247,https://www.cyberseclabs.co.uk/,Failed after 3 attempts,2024-07-22T00:52:41.233Z
1248,https://www.cybrary.it/info/freeittraining/,Failed after 3 attempts,2024-07-22T00:52:49.810Z
1249,https://www.dannicula.ro/books/electronica\_digitala/book\_ed1.pdf,Failed after 3 attempts,2024-07-22T00:52:56.132Z
1252,https://www.datacamp.com/,Failed after 3 attempts,2024-07-22T00:53:02.328Z
1253,https://www.datacamp.com/learn/sql,Failed after 3 attempts,2024-07-22T00:53:08.450Z
1259,https://www.digitalocean.com/community/tutorial\_series/how-to-code-in-javascript,Failed after 3 attempts,2024-07-22T00:53:15.304Z
1269,https://www.dropbox.com/s/oif8f5foarnulj5/humbleBundle-Devops.zip?dl=1,Failed after 3 attempts,2024-07-22T00:53:42.776Z
97,https://www.dungeonsanddevelopers.com/,Failed after 3 attempts,2024-07-22T00:53:50.041Z
1292,https://www.figma.com/community/file/1114720838108123725,Failed after 3 attempts,2024-07-22T00:53:56.363Z
1293,https://www.figma.com/community/file/769694576496801916,Failed after 3 attempts,2024-07-22T00:54:02.686Z
1312,"https://www.frontendcheatsheets.com/javascript ",Failed after 3 attempts,2024-07-22T00:55:12.558Z
1317,https://www.futurelearn.com/subjects/business-and-management-courses/marketing/digital-marketing,Failed after 3 attempts,2024-07-22T00:55:18.674Z
1325,https://www.goodreads.com/book/show/112252.Types\_and\_Programming\_Languages,Failed after 3 attempts,2024-07-22T00:55:25.876Z
1331,https://www.goodreads.com/book/show/840.The\_Design\_of\_Everyday\_Things,Failed after 3 attempts,2024-07-22T00:55:33.506Z
108,https://www.icce.rug.nl/documents/cplusplus/,Failed after 3 attempts,2024-07-22T00:55:39.888Z
1358,https://www.infoarena.ro/arhiva-educationala,Failed after 3 attempts,2024-07-22T00:58:46.719Z
1359,https://www.infoarena.ro/links,Failed after 3 attempts,2024-07-22T01:00:59.924Z
1367,https://www.isi.edu/\~hussain/TEACH/Spring2014/notes/Steven00a.pdf,Failed after 3 attempts,2024-07-22T01:01:07.590Z
1371,https://www.javascripttutorial.net/,Failed after 3 attempts,2024-07-22T01:01:15.317Z
1387,https://www.layoutgridcalculator.com/typographic-scale/,Failed after 3 attempts,2024-07-22T01:01:22.895Z
1413,https://www.linkedin.com/learning/paths/become-an-online-marketing-manager,Failed after 3 attempts,2024-07-22T01:01:31.429Z
1417,https://www.linkedin.com/posts/rocky-bhatia-a4801010\_cloud-devops-kubernetes-activity-7074233926705119232-FIPo/,Failed after 3 attempts,2024-07-22T01:01:39.001Z
1418,https://www.linkedin.com/posts/shlomogenchin\_18-books-that-have-helped-me-become-a-better-activity-7123229056208150529-VdgF/,Failed after 3 attempts,2024-07-22T01:01:46.483Z
1419,https://www.linkedin.com/posts/vitalyfriedman\_ui-design-activity-7074644381244215296-D5WZ/,Failed after 3 attempts,2024-07-22T01:01:54.102Z
1420,https://www.linkedin.com/posts/vitalyfriedman\_ux-design-accessibility-activity-7096750363969511426-BzEE/,Failed after 3 attempts,2024-07-22T01:02:01.395Z
1427,https://www.mathpages.com/,Failed after 3 attempts,2024-07-22T01:02:09.901Z
115,https://www.minimamente.com/example/magic\_animations/,Failed after 3 attempts,2024-07-22T01:02:18.076Z
1452,https://www.netacad.com/node/1278,Failed after 3 attempts,2024-07-22T01:02:29.055Z
1469,https://www.palantir.net/blog/re-thinking-breakpoints-responsive-design,Failed after 3 attempts,2024-07-22T01:02:37.499Z
1478,https://www.pexels.com/,Failed after 3 attempts,2024-07-22T01:02:43.625Z
1481,https://www.phptutorial.net/php-pdo/,Failed after 3 attempts,2024-07-22T01:02:51.816Z
1483,https://www.pluralsight.com/courses/csharp-fundamentals-dev,Failed after 3 attempts,2024-07-22T01:02:58.975Z
1486,https://www.pluralsight.com/courses/principles-oo-design,Failed after 3 attempts,2024-07-22T01:03:06.620Z
1489,https://www.pmi.org/learning/training-development/free-elearning-courses,Failed after 3 attempts,2024-07-22T01:03:13.038Z
1492,https://www.ppl-lang.dev/blog/introduction-to-monads-with-java/index.html,Failed after 3 attempts,2024-07-22T01:03:21.011Z
1496,https://www.pramp.com/\#/,Failed after 3 attempts,2024-07-22T01:03:27.966Z
1497,https://www.probabilitycourse.com/,Failed after 3 attempts,2024-07-22T01:03:35.313Z
1520,https://www.reddit.com/r/sysadmin/comments/1dt4we5/free\_tools/,Failed after 3 attempts,2024-07-22T01:03:41.973Z
1524,https://www.researchgate.net/publication/349104699\_Introduction\_to\_Mathematical\_Logic\_Edition\_2021,Failed after 3 attempts,2024-07-22T01:03:48.100Z
122,https://www.responsivepx.com/,Failed after 3 attempts,2024-07-22T01:03:54.540Z
1529,https://www.riseo.ai/,Failed after 3 attempts,2024-07-22T01:04:02.608Z
1535,https://www.salvia-kit.com/,Failed after 3 attempts,2024-07-22T01:04:08.784Z
1545,https://www.securitydawg.com/how-bots-spam-contact-forms/,Failed after 3 attempts,2024-07-22T01:04:17.477Z
1549,https://www.shelly.com/en-ro/products/product-overview\#unfiltered,Failed after 3 attempts,2024-07-22T01:04:23.987Z
1553,https://www.smartcurs.ro/,Failed after 3 attempts,2024-07-22T01:04:30.129Z
1560,https://www.softwaretestinghelp.com/,Failed after 3 attempts,2024-07-22T01:04:36.232Z
1568,https://www.springboard.com/resources/learning-paths/data-analysis/,Failed after 3 attempts,2024-07-22T01:04:42.534Z
131,https://www.tcpipguide.com/free/t\_toc.htm,Failed after 3 attempts,2024-07-22T01:04:57.103Z
1587,https://www.theodinproject.com/courses/getting-hired,Failed after 3 attempts,2024-07-22T01:05:04.395Z
1588,https://www.theodinproject.com/courses/javascript,Failed after 3 attempts,2024-07-22T01:05:11.201Z
1589,https://www.theodinproject.com/courses/nodejs,Failed after 3 attempts,2024-07-22T01:05:17.711Z
1600,https://www.tremend.com/qa-course-beginners,Failed after 3 attempts,2024-07-22T01:05:26.771Z
1613,https://www.udemy.com/course/advanced-and-object-oriented-javascript/,Failed after 3 attempts,2024-07-22T01:05:32.883Z
1614,https://www.udemy.com/course/backend-master-class-golang-postgresql-kubernetes/,Failed after 3 attempts,2024-07-22T01:05:38.991Z
1615,https://www.udemy.com/course/basics-of-object-oriented-programming-with-csharp/,Failed after 3 attempts,2024-07-22T01:05:45.119Z
1616,https://www.udemy.com/course/build-crud-application-php-mysql/,Failed after 3 attempts,2024-07-22T01:05:51.238Z
1617,https://www.udemy.com/course/code-your-first-game/,Failed after 3 attempts,2024-07-22T01:05:57.338Z
1618,https://www.udemy.com/course/complete-aspnet-core-21-course/,Failed after 3 attempts,2024-07-22T01:06:03.448Z
1619,https://www.udemy.com/course/complete-csharp-masterclass/,Failed after 3 attempts,2024-07-22T01:06:09.558Z
1620,https://www.udemy.com/course/comptia-network-cert-n10-007-the-total-course/,Failed after 3 attempts,2024-07-22T01:06:15.672Z
1621,https://www.udemy.com/course/create-quick-professional-2d-game-backgrounds-in-photoshop/,Failed after 3 attempts,2024-07-22T01:06:21.788Z
1622,https://www.udemy.com/course/creating-a-simple-newsletter-signup-using-php-and-mysql/,Failed after 3 attempts,2024-07-22T01:06:27.923Z
1623,https://www.udemy.com/course/free-prep-for-html5-game-development/,Failed after 3 attempts,2024-07-22T01:06:34.034Z
1624,https://www.udemy.com/course/full-stack-application-development-with-spring-boot-and-angular/,Failed after 3 attempts,2024-07-22T01:06:40.147Z
1625,https://www.udemy.com/course/full-stack-application-with-spring-boot-and-react/,Failed after 3 attempts,2024-07-22T01:06:46.251Z
1626,https://www.udemy.com/course/how-to-program-games/,Failed after 3 attempts,2024-07-22T01:06:52.378Z
1627,https://www.udemy.com/course/introduction-to-game-development-with-unity/,Failed after 3 attempts,2024-07-22T01:06:58.493Z
1628,https://www.udemy.com/course/java-enterprise-edition-8/,Failed after 3 attempts,2024-07-22T01:07:04.620Z
1629,https://www.udemy.com/course/java-tutorial/,Failed after 3 attempts,2024-07-22T01:07:10.752Z
1630,https://www.udemy.com/course/learn-professional-pixel-art-animation-for-games/,Failed after 3 attempts,2024-07-22T01:07:16.891Z
1631,https://www.udemy.com/course/master-object-oriented-programming-concepts/,Failed after 3 attempts,2024-07-22T01:07:23.003Z
1632,https://www.udemy.com/course/master-python-programming-complete-python-bootcamp/,Failed after 3 attempts,2024-07-22T01:07:29.120Z
1633,https://www.udemy.com/course/object-oriented-programming-oops-for-java-certification/,Failed after 3 attempts,2024-07-22T01:07:35.237Z
1634,https://www.udemy.com/course/php-mysql-tutorial/,Failed after 3 attempts,2024-07-22T01:07:41.355Z
1635,https://www.udemy.com/course/practical-ethical-hacking/,Failed after 3 attempts,2024-07-22T01:07:47.490Z
1636,https://www.udemy.com/course/python-oop/,Failed after 3 attempts,2024-07-22T01:07:53.614Z
1637,https://www.udemy.com/course/real-time-chat-system-using-php-mysql-pdo-and-ajax/,Failed after 3 attempts,2024-07-22T01:07:59.739Z
1638,https://www.udemy.com/course/spring-framework-5-beginner-to-guru/,Failed after 3 attempts,2024-07-22T01:08:05.875Z
1639,https://www.udemy.com/course/spring-tutorial-for-beginners/,Failed after 3 attempts,2024-07-22T01:08:11.997Z
1640,https://www.udemy.com/course/testare-manuala-si-automata-curs-qa/,Failed after 3 attempts,2024-07-22T01:08:18.154Z
1641,https://www.udemy.com/course/the-ultimate-2d-game-character-design-animation-course/,Failed after 3 attempts,2024-07-22T01:08:24.289Z
1642,https://www.udemy.com/course/unity-game-developer/,Failed after 3 attempts,2024-07-22T01:08:30.412Z
1643,https://www.udemy.com/javascript-advanced/,Failed after 3 attempts,2024-07-22T01:08:36.547Z
1644,https://www.udemy.com/understand-javascript/,Failed after 3 attempts,2024-07-22T01:08:42.661Z
1645,https://www.udemy.com/user/bentristem/,Failed after 3 attempts,2024-07-22T01:08:48.772Z
1657,https://www.vieodesign.com/blog/what-are-lsi-keywords-and-do-they-matter,Failed after 3 attempts,2024-07-22T01:08:55.780Z
133,https://www.vishalchovatiya.com/cpp20-coroutine-under-the-hood/,Failed after 3 attempts,2024-07-22T01:09:02.633Z
1669,https://www.w3schools.com/php/php\_mysql\_intro.asp,Failed after 3 attempts,2024-07-22T01:09:10.052Z
145,https://www.webdesignerdepot.com/2013/11/the-beginners-guide-to-sass/,Failed after 3 attempts,2024-07-22T01:09:18.289Z
1674,https://www.webpagetest.org/,Failed after 3 attempts,2024-07-22T01:09:25.203Z
1769,https://www.youtube.com/@\_JohnHammond,Failed after 3 attempts,2024-07-22T01:09:33.927Z
1773,https://www.youtube.com/@basecamp,Failed after 3 attempts,2024-07-22T01:09:42.446Z
1789,https://www.youtube.com/@jsconf\_,Failed after 3 attempts,2024-07-22T01:09:50.805Z
1795,https://www.youtube.com/@mrgergelyorosz,Failed after 3 attempts,2024-07-22T01:09:59.313Z
1816,https://www.youtube.com/c/AngularFirebase,Failed after 3 attempts,2024-07-22T01:10:07.677Z
1823,https://www.youtube.com/c/LiveOverflowCTF,Failed after 3 attempts,2024-07-22T01:10:16.324Z
1841,https://www.youtube.com/channel/UCMlGfpWw-RUdWX\_JbLCukXg,Failed after 3 attempts,2024-07-22T01:10:25.005Z
1842,https://www.youtube.com/channel/UCP7WmQ\_U4GB3K51Od9QvM0w/videos,Failed after 3 attempts,2024-07-22T01:10:33.903Z
1854,https://www.youtube.com/playlist?list=PL0eyrZgxdwhwNC5ppZo\_dYGVjerQY3xYU,Failed after 3 attempts,2024-07-22T01:10:42.389Z
1858,https://www.youtube.com/playlist?list=PLB0Tybl0UNfb3hTHPfEIg1SPw\_-Ca9iIw,Failed after 3 attempts,2024-07-22T01:10:50.922Z
1862,https://www.youtube.com/playlist?list=PLKAyGpypHE7dHpGjm\_sW9htRkCogBW97i,Failed after 3 attempts,2024-07-22T01:10:59.448Z
1864,https://www.youtube.com/playlist?list=PLLKT\_\_MCUeix3O0DPbmuaRuR\_4Hxo4m3G,Failed after 3 attempts,2024-07-22T01:11:07.790Z
1866,https://www.youtube.com/playlist?list=PLQB56B9Yjxu-xAYGg9z\_s271UvDSgcA7h,Failed after 3 attempts,2024-07-22T01:11:16.320Z
1867,https://www.youtube.com/playlist?list=PLQB56B9Yjxu9\_265koJhWmL02PhhuBW0G,Failed after 3 attempts,2024-07-22T01:11:24.674Z
1871,https://www.youtube.com/playlist?list=PLUl4u3cNGP63gFHB6xb-kVBiQHYe\_4hSi,Failed after 3 attempts,2024-07-22T01:11:33.366Z
1872,https://www.youtube.com/playlist?list=PLVz1bbeMX6hy6Xb6exLUuEq845VIiJU\_n,Failed after 3 attempts,2024-07-22T01:11:41.698Z
1873,https://www.youtube.com/playlist?list=PLYElE\_rzEw\_v8TXJ\_ITSSBP\_ypUKfQ7K-,Failed after 3 attempts,2024-07-22T01:11:50.058Z
1874,https://www.youtube.com/playlist?list=PLYdpEVB86eG6IDpm0siSVxY7He6gnJs\_E,Failed after 3 attempts,2024-07-22T01:11:58.764Z
1875,https://www.youtube.com/playlist?list=PLa1F2ddGya\_-UvuAqHAksYnB0qL9yWDO6,Failed after 3 attempts,2024-07-22T01:12:07.444Z
1877,https://www.youtube.com/playlist?list=PLbN57C5Zdl6j\_qJA-pARJnKsmROzPnO9V,Failed after 3 attempts,2024-07-22T01:12:16.157Z
1881,https://www.youtube.com/playlist?list=PLfTqvIG4roBriVPmIV\_42alacUcK1xt23,Failed after 3 attempts,2024-07-22T01:12:24.842Z
1883,https://www.youtube.com/playlist?list=PLhQjrBD2T382\_R182iC2gNZI9HzWFMC\_8,Failed after 3 attempts,2024-07-22T01:12:33.701Z
1884,https://www.youtube.com/playlist?list=PLlrxD0HtieHjqO1pNqScMngrV7oFro-TY\#fef,Failed after 3 attempts,2024-07-22T01:12:42.216Z
1888,https://www.youtube.com/playlist?list=PLwscrByc3TJ5GcsnLQVrJ4OwvS\_xCm\_-f,Failed after 3 attempts,2024-07-22T01:12:50.552Z
1890,https://www.youtube.com/playlist?list=PLz8Iz-Fnk\_eTpvd49Sa77NiF8Uqq5Iykx,Failed after 3 attempts,2024-07-22T01:12:59.241Z
,,Failed after 3 attempts,2024-07-22T01:13:05.275Z
